000001.SZ,平安银行,1991-04-03
000002.SZ,万科A,1991-01-29
000004.SZ,国农科技,1991-01-14
000005.SZ,世纪星源,1990-12-10
000006.SZ,深振业A,1992-04-27
000007.SZ,全新好,1992-04-13
000008.SZ,神州高铁,1992-05-07
000009.SZ,中国宝安,1991-06-25
000010.SZ,美丽生态,1995-10-27
000011.SZ,深物业A,1992-03-30
000012.SZ,南玻A,1992-02-28
000014.SZ,沙河股份,1992-06-02
000016.SZ,深康佳A,1992-03-27
000017.SZ,深中华A,1992-03-31
000018.SZ,神州长城,1992-06-16
000019.SZ,深深宝A,1992-10-12
000020.SZ,深华发A,1992-04-28
000021.SZ,深科技,1994-02-02
000022.SZ,深赤湾A,1993-05-05
000023.SZ,深天地A,1993-04-29
000025.SZ,特力A,1993-06-21
000026.SZ,飞亚达A,1993-06-03
000027.SZ,深圳能源,1993-09-03
000028.SZ,国药一致,1993-08-09
000029.SZ,深深房A,1993-09-15
000030.SZ,富奥股份,1993-09-29
000031.SZ,中粮地产,1993-10-08
000032.SZ,深桑达A,1993-10-28
000033.SZ,*ST新都,1994-01-03
000034.SZ,神州数码,1994-05-09
000035.SZ,中国天楹,1994-04-08
000036.SZ,华联控股,1994-06-17
000037.SZ,*ST南电A,1994-07-01
000038.SZ,深大通,1994-08-08
000039.SZ,中集集团,1994-04-08
000040.SZ,宝安地产,1994-08-08
000042.SZ,中洲控股,1994-09-21
000043.SZ,中航地产,1994-09-28
000045.SZ,深纺织A,1994-08-15
000046.SZ,泛海控股,1994-09-12
000048.SZ,康达尔,1994-11-01
000049.SZ,德赛电池,1995-03-20
000050.SZ,深天马A,1995-03-15
000055.SZ,方大集团,1996-04-15
000056.SZ,皇庭国际,1996-07-08
000058.SZ,深赛格,1996-12-26
000059.SZ,华锦股份,1997-01-30
000060.SZ,中金岭南,1997-01-23
000061.SZ,农产品,1997-01-10
000062.SZ,深圳华强,1997-01-30
000063.SZ,中兴通讯,1997-11-18
000065.SZ,北方国际,1998-06-05
000066.SZ,长城电脑,1997-06-26
000068.SZ,华控赛格,1997-06-11
000069.SZ,华侨城A,1997-09-10
000070.SZ,特发信息,2000-05-11
000078.SZ,海王生物,1998-12-18
000088.SZ,盐田港,1997-07-28
000089.SZ,深圳机场,1998-04-20
000090.SZ,天健集团,1999-07-21
000096.SZ,广聚能源,2000-07-24
000099.SZ,中信海直,2000-07-31
000100.SZ,TCL集团,2004-01-30
000150.SZ,宜华健康,2000-08-07
000151.SZ,中成股份,2000-09-06
000153.SZ,丰原药业,2000-09-20
000155.SZ,*ST川化,2000-09-26
000156.SZ,华数传媒,2000-09-06
000157.SZ,中联重科,2000-10-12
000158.SZ,常山股份,2000-07-24
000159.SZ,国际实业,2000-09-26
000166.SZ,申万宏源,2015-01-26
000301.SZ,东方市场,2000-05-29
000333.SZ,美的集团,2013-09-18
000338.SZ,潍柴动力,2007-04-30
000400.SZ,许继电气,1997-04-18
000401.SZ,冀东水泥,1996-06-14
000402.SZ,金融街,1996-06-26
000403.SZ,ST生化,1996-06-28
000404.SZ,华意压缩,1996-06-19
000407.SZ,胜利股份,1996-07-03
000408.SZ,*ST金源,1996-06-28
000409.SZ,山东地矿,1996-06-27
000410.SZ,沈阳机床,1996-07-18
000411.SZ,英特集团,1996-07-16
000413.SZ,东旭光电,1996-09-25
000415.SZ,渤海金控,1996-07-16
000416.SZ,民生控股,1996-07-19
000417.SZ,合肥百货,1996-08-12
000418.SZ,小天鹅A,1997-03-28
000419.SZ,通程控股,1996-08-16
000420.SZ,吉林化纤,1996-08-02
000421.SZ,南京中北,1996-08-06
000422.SZ,湖北宜化,1996-08-15
000423.SZ,东阿阿胶,1996-07-29
000425.SZ,徐工机械,1996-08-28
000426.SZ,兴业矿业,1996-08-28
000428.SZ,华天酒店,1996-08-08
000429.SZ,粤高速A,1998-02-20
000430.SZ,张家界,1996-08-29
000488.SZ,晨鸣纸业,2000-11-20
000498.SZ,山东路桥,1997-06-09
000501.SZ,鄂武商A,1992-11-20
000502.SZ,绿景控股,1992-11-23
000503.SZ,海虹控股,1992-11-30
000504.SZ,*ST生物,1992-12-08
000505.SZ,*ST珠江,1992-12-21
000506.SZ,中润资源,1993-03-12
000507.SZ,珠海港,1993-03-26
000509.SZ,华塑控股,1993-05-07
000510.SZ,金路集团,1993-05-07
000511.SZ,*ST烯碳,1993-05-18
000513.SZ,丽珠集团,1993-10-28
000514.SZ,渝开发,1993-07-12
000516.SZ,国际医学,1993-08-09
000517.SZ,荣安地产,1993-08-06
000518.SZ,四环生物,1993-09-08
000519.SZ,江南红箭,1993-10-08
000520.SZ,长航凤凰,1993-10-25
000521.SZ,美菱电器,1993-10-18
000523.SZ,广州浪奇,1993-11-08
000524.SZ,岭南控股,1993-11-18
000525.SZ,红太阳,1993-10-28
000526.SZ,银润投资,1993-11-01
000528.SZ,柳工,1993-11-18
000529.SZ,广弘控股,1993-11-18
000530.SZ,大冷股份,1993-12-08
000531.SZ,穗恒运A,1994-01-06
000532.SZ,力合股份,1994-01-03
000533.SZ,万家乐,1994-01-03
000534.SZ,万泽股份,1994-01-10
000536.SZ,华映科技,1993-11-26
000537.SZ,广宇发展,1993-12-10
000538.SZ,云南白药,1993-12-15
000539.SZ,粤电力A,1993-11-26
000540.SZ,中天城投,1994-02-02
000541.SZ,佛山照明,1993-11-23
000543.SZ,皖能电力,1993-12-20
000544.SZ,中原环保,1993-12-08
000545.SZ,金浦钛业,1993-12-15
000546.SZ,金圆股份,1993-12-15
000547.SZ,航天发展,1993-11-30
000548.SZ,湖南投资,1993-12-20
000550.SZ,江铃汽车,1993-12-01
000551.SZ,创元科技,1994-01-06
000552.SZ,靖远煤电,1994-01-06
000553.SZ,沙隆达A,1993-12-03
000554.SZ,泰山石油,1993-12-15
000555.SZ,神州信息,1994-04-08
000557.SZ,银广夏,1994-06-17
000558.SZ,莱茵体育,1994-05-09
000559.SZ,万向钱潮,1994-01-10
000560.SZ,昆百大A,1994-02-02
000561.SZ,烽火电子,1994-05-09
000563.SZ,陕国投A,1994-01-10
000564.SZ,西安民生,1994-01-10
000565.SZ,渝三峡A,1994-04-08
000566.SZ,海南海药,1994-05-25
000567.SZ,海德股份,1994-05-25
000568.SZ,泸州老窖,1994-05-09
000570.SZ,苏常柴A,1994-07-01
000571.SZ,新大洲A,1994-05-25
000572.SZ,海马汽车,1994-08-08
000573.SZ,粤宏远A,1994-08-15
000576.SZ,广东甘化,1994-09-07
000581.SZ,威孚高科,1998-09-24
000582.SZ,北部湾港,1995-11-02
000584.SZ,友利控股,1995-11-28
000585.SZ,东北电气,1995-12-13
000586.SZ,汇源通信,1995-12-20
000587.SZ,金洲慈航,1996-04-25
000589.SZ,黔轮胎A,1996-03-08
000590.SZ,启迪古汉,1996-01-19
000591.SZ,太阳能,1996-02-08
000592.SZ,平潭发展,1996-03-27
000593.SZ,大通燃气,1996-03-12
000595.SZ,宝塔实业,1996-04-19
000596.SZ,古井贡酒,1996-09-27
000597.SZ,东北制药,1996-05-23
000598.SZ,兴蓉环境,1996-05-29
000599.SZ,青岛双星,1996-04-30
000600.SZ,建投能源,1996-06-06
000601.SZ,韶能股份,1996-08-30
000603.SZ,盛达矿业,1996-08-23
000605.SZ,渤海股份,1996-09-13
000606.SZ,*ST明胶,1996-10-04
000607.SZ,华媒控股,1996-08-30
000608.SZ,阳光股份,1996-09-19
000609.SZ,绵世股份,1996-10-10
000610.SZ,西安旅游,1996-09-26
000611.SZ,*ST蒙发,1996-10-08
000612.SZ,焦作万方,1996-09-26
000613.SZ,大东海A,1997-01-28
000615.SZ,湖北金环,1996-10-16
000616.SZ,海航投资,1996-11-08
000617.SZ,*ST济柴,1996-10-22
000619.SZ,海螺型材,1996-10-23
000620.SZ,新华联,1996-10-29
000622.SZ,*ST恒立,1996-11-07
000623.SZ,吉林敖东,1996-10-28
000625.SZ,长安汽车,1997-06-10
000626.SZ,如意集团,1996-11-28
000627.SZ,天茂集团,1996-11-12
000628.SZ,高新发展,1996-11-18
000629.SZ,*ST钒钛,1996-11-15
000630.SZ,铜陵有色,1996-11-20
000631.SZ,顺发恒业,1996-11-22
000632.SZ,三木集团,1996-11-21
000633.SZ,*ST合金,1996-11-12
000635.SZ,英力特,1996-11-20
000636.SZ,风华高科,1996-11-29
000637.SZ,茂化实华,1996-11-14
000638.SZ,万方发展,1996-11-26
000639.SZ,西王食品,1996-11-26
000650.SZ,仁和药业,1996-12-10
000651.SZ,格力电器,1996-11-18
000652.SZ,泰达股份,1996-11-28
000655.SZ,金岭矿业,1996-11-28
000656.SZ,金科股份,1996-11-28
000657.SZ,中钨高新,1996-12-05
000659.SZ,珠海中富,1996-12-03
000661.SZ,长春高新,1996-12-18
000662.SZ,天夏智慧,1996-12-16
000663.SZ,永安林业,1996-12-06
000665.SZ,湖北广电,1996-12-10
000666.SZ,经纬纺机,1996-12-10
000667.SZ,美好集团,1996-12-05
000668.SZ,荣丰控股,1996-12-10
000669.SZ,金鸿能源,1996-12-10
000670.SZ,*ST盈方,1996-12-17
000671.SZ,阳光城,1996-12-18
000672.SZ,上峰水泥,1996-12-18
000673.SZ,当代东方,1997-01-24
000676.SZ,智度投资,1996-12-24
000677.SZ,恒天海龙,1996-12-26
000678.SZ,襄阳轴承,1997-01-06
000679.SZ,大连友谊,1997-01-24
000680.SZ,山推股份,1997-01-22
000681.SZ,视觉中国,1997-01-21
000682.SZ,东方电子,1997-01-21
000683.SZ,远兴能源,1997-01-31
000685.SZ,中山公用,1997-01-23
000686.SZ,东北证券,1997-02-27
000687.SZ,华讯方舟,1997-02-21
000688.SZ,建新矿业,1997-01-20
000690.SZ,宝新能源,1997-01-28
000691.SZ,ST亚太,1997-02-28
000692.SZ,惠天热电,1997-02-27
000693.SZ,ST华泽,1997-02-26
000695.SZ,滨海能源,1997-02-18
000697.SZ,炼石有色,1997-03-25
000698.SZ,沈阳化工,1997-02-20
000700.SZ,模塑科技,1997-02-28
000701.SZ,厦门信达,1997-02-26
000702.SZ,正虹科技,1997-03-18
000703.SZ,恒逸石化,1997-03-28
000705.SZ,浙江震元,1997-04-10
000707.SZ,双环科技,1997-04-15
000708.SZ,大冶特钢,1997-03-26
000709.SZ,河钢股份,1997-04-16
000710.SZ,天兴仪表,1997-04-22
000711.SZ,京蓝科技,1997-04-11
000712.SZ,锦龙股份,1997-04-15
000713.SZ,丰乐种业,1997-04-22
000715.SZ,中兴商业,1997-05-08
000716.SZ,黑芝麻,1997-04-18
000717.SZ,*ST韶钢,1997-05-08
000718.SZ,苏宁环球,1997-04-08
000719.SZ,大地传媒,1997-03-31
000720.SZ,新能泰山,1997-05-09
000721.SZ,西安饮食,1997-04-30
000722.SZ,湖南发展,1997-05-22
000723.SZ,美锦能源,1997-05-15
000725.SZ,京东方A,2001-01-12
000726.SZ,鲁泰A,2000-12-25
000727.SZ,华东科技,1997-05-20
000728.SZ,国元证券,1997-06-16
000729.SZ,燕京啤酒,1997-07-16
000731.SZ,四川美丰,1997-06-17
000732.SZ,泰禾集团,1997-07-04
000733.SZ,振华科技,1997-07-03
000735.SZ,罗牛山,1997-06-11
000736.SZ,中房地产,1997-04-25
000737.SZ,南风化工,1997-04-28
000738.SZ,中航动控,1997-06-26
000739.SZ,普洛药业,1997-05-09
000748.SZ,长城信息,1997-07-04
000750.SZ,国海证券,1997-07-09
000751.SZ,锌业股份,1997-06-26
000752.SZ,西藏发展,1997-06-25
000753.SZ,漳州发展,1997-06-26
000755.SZ,山西三维,1997-06-27
000756.SZ,新华制药,1997-08-06
000757.SZ,浩物股份,1997-06-27
000758.SZ,中色股份,1997-04-16
000759.SZ,中百集团,1997-05-19
000760.SZ,斯太尔,1997-06-27
000761.SZ,本钢板材,1998-01-15
000762.SZ,西藏矿业,1997-07-08
000766.SZ,通化金马,1997-04-30
000767.SZ,漳泽电力,1997-06-09
000768.SZ,中航飞机,1997-06-26
000776.SZ,广发证券,1997-06-11
000777.SZ,中核科技,1997-07-10
000778.SZ,新兴铸管,1997-06-06
000779.SZ,三毛派神,1997-05-28
000780.SZ,平庄能源,1997-06-06
000782.SZ,美达股份,1997-06-19
000783.SZ,长江证券,1997-07-31
000785.SZ,武汉中商,1997-07-11
000786.SZ,北新建材,1997-06-06
000788.SZ,北大医药,1997-06-16
000789.SZ,万年青,1997-09-23
000790.SZ,华神集团,1998-03-27
000791.SZ,甘肃电投,1997-10-14
000792.SZ,盐湖股份,1997-09-04
000793.SZ,华闻传媒,1997-07-29
000795.SZ,英洛华,1997-08-08
000796.SZ,凯撒旅游,1997-07-03
000797.SZ,中国武夷,1997-07-15
000798.SZ,中水渔业,1998-02-12
000799.SZ,酒鬼酒,1997-07-18
000800.SZ,一汽轿车,1997-06-18
000801.SZ,四川九洲,1998-05-06
000802.SZ,北京文化,1998-01-08
000803.SZ,金宇车城,1998-03-03
000806.SZ,银河生物,1998-04-16
000807.SZ,云铝股份,1998-04-08
000809.SZ,铁岭新城,1998-06-16
000810.SZ,创维数字,1998-06-02
000811.SZ,烟台冰轮,1998-05-28
000812.SZ,陕西金叶,1998-06-23
000813.SZ,天山纺织,1998-05-19
000815.SZ,美利纸业,1998-06-09
000816.SZ,智慧农业,1997-08-18
000818.SZ,方大化工,1997-10-17
000819.SZ,岳阳兴长,1997-06-25
000820.SZ,金城股份,1998-06-30
000821.SZ,京山轻机,1998-06-26
000822.SZ,山东海化,1998-07-03
000823.SZ,超声电子,1997-10-08
000825.SZ,太钢不锈,1998-10-21
000826.SZ,启迪桑德,1998-02-25
000828.SZ,东莞控股,1997-06-17
000829.SZ,天音控股,1997-12-02
000830.SZ,鲁西化工,1998-08-07
000831.SZ,*ST五稀,1998-09-11
000833.SZ,贵糖股份,1998-11-11
000835.SZ,长城动漫,1999-06-25
000836.SZ,鑫茂科技,1997-09-29
000837.SZ,秦川机床,1998-09-28
000838.SZ,财信发展,1997-06-26
000839.SZ,中信国安,1997-10-31
000848.SZ,承德露露,1997-11-13
000850.SZ,华茂股份,1998-10-07
000851.SZ,高鸿股份,1998-06-09
000852.SZ,石化机械,1998-11-26
000856.SZ,*ST冀装,1998-08-13
000858.SZ,五粮液,1998-04-27
000859.SZ,国风塑业,1998-11-19
000860.SZ,顺鑫农业,1998-11-04
000861.SZ,海印股份,1998-10-28
000862.SZ,银星能源,1998-09-15
000863.SZ,三湘股份,1997-09-25
000868.SZ,安凯客车,1997-07-25
000869.SZ,张裕A,2000-10-26
000875.SZ,吉电股份,2002-09-26
000876.SZ,新希望,1998-03-11
000877.SZ,天山股份,1999-01-07
000878.SZ,云南铜业,1998-06-02
000880.SZ,潍柴重机,1998-04-02
000881.SZ,大连国际,1998-09-02
000882.SZ,华联股份,1998-06-16
000883.SZ,湖北能源,1998-05-19
000885.SZ,同力水泥,1999-03-19
000886.SZ,海南高速,1998-01-23
000887.SZ,中鼎股份,1998-12-03
000888.SZ,峨眉山A,1997-10-21
000889.SZ,茂业通信,1997-12-18
000890.SZ,法尔胜,1999-01-19
000892.SZ,星美联合,1999-01-15
000893.SZ,东凌国际,1998-12-24
000895.SZ,双汇发展,1998-12-10
000897.SZ,津滨发展,1999-04-22
000898.SZ,鞍钢股份,1997-12-25
000899.SZ,赣能股份,1997-11-26
000900.SZ,现代投资,1999-01-28
000901.SZ,航天科技,1999-04-01
000902.SZ,新洋丰,1999-04-08
000903.SZ,云内动力,1999-04-15
000905.SZ,厦门港务,1999-04-29
000906.SZ,物产中拓,1999-07-07
000908.SZ,景峰医药,1999-02-03
000909.SZ,数源科技,1999-05-07
000910.SZ,大亚科技,1999-06-30
000911.SZ,南宁糖业,1999-05-27
000912.SZ,泸天化,1999-06-03
000913.SZ,*ST钱江,1999-05-14
000915.SZ,山大华特,1999-06-09
000916.SZ,华北高速,1999-09-27
000917.SZ,电广传媒,1999-03-25
000918.SZ,嘉凯城,1999-07-20
000919.SZ,金陵药业,1999-11-18
000920.SZ,南方汇通,1999-06-16
000921.SZ,海信科龙,1999-07-13
000922.SZ,佳电股份,1999-06-18
000923.SZ,河北宣工,1999-07-14
000925.SZ,众合科技,1999-06-11
000926.SZ,福星股份,1999-06-18
000927.SZ,一汽夏利,1999-07-27
000928.SZ,中钢国际,1999-03-12
000929.SZ,兰州黄河,1999-06-23
000930.SZ,中粮生化,1999-07-12
000931.SZ,中关村,1999-07-12
000932.SZ,华菱钢铁,1999-08-03
000933.SZ,*ST神火,1999-08-31
000935.SZ,四川双马,1999-08-24
000936.SZ,华西股份,1999-08-10
000937.SZ,冀中能源,1999-09-09
000938.SZ,紫光股份,1999-11-04
000939.SZ,凯迪生态,1999-09-23
000948.SZ,南天信息,1999-10-14
000949.SZ,新乡化纤,1999-10-21
000950.SZ,*ST建峰,1999-09-16
000951.SZ,中国重汽,1999-11-25
000952.SZ,广济药业,1999-11-12
000953.SZ,河池化工,1999-12-02
000955.SZ,欣龙控股,1999-12-09
000957.SZ,中通客车,2000-01-13
000958.SZ,东方能源,1999-12-23
000959.SZ,首钢股份,1999-12-16
000960.SZ,锡业股份,2000-02-21
000961.SZ,中南建设,2000-03-01
000962.SZ,*ST东钽,2000-01-20
000963.SZ,华东医药,2000-01-27
000965.SZ,天保基建,2000-04-06
000966.SZ,长源电力,2000-03-16
000967.SZ,盈峰环境,2000-03-30
000968.SZ,*ST煤气,2000-06-22
000969.SZ,安泰科技,2000-05-29
000970.SZ,中科三环,2000-04-20
000971.SZ,高升控股,2000-04-27
000972.SZ,中基健康,2000-09-26
000973.SZ,佛塑科技,2000-05-25
000975.SZ,银泰资源,2000-06-08
000976.SZ,春晖股份,2000-06-01
000977.SZ,浪潮信息,2000-06-08
000978.SZ,桂林旅游,2000-05-18
000979.SZ,中弘股份,2000-06-16
000980.SZ,金马股份,2000-06-16
000981.SZ,银亿股份,2000-06-22
000982.SZ,中银绒业,2000-07-06
000983.SZ,西山煤电,2000-07-26
000985.SZ,大庆华科,2000-07-26
000987.SZ,广州友谊,2000-07-18
000988.SZ,华工科技,2000-06-08
000989.SZ,九芝堂,2000-06-28
000990.SZ,诚志股份,2000-07-06
000993.SZ,闽东电力,2000-07-31
000995.SZ,*ST皇台,2000-08-07
000996.SZ,中国中期,2000-07-18
000997.SZ,新大陆,2000-08-07
000998.SZ,隆平高科,2000-12-11
000999.SZ,华润三九,2000-03-09
001696.SZ,宗申动力,1997-03-06
001896.SZ,豫能控股,1998-01-22
001979.SZ,招商蛇口,2015-12-30
002001.SZ,新和成,2004-06-25
002002.SZ,鸿达兴业,2004-06-25
002003.SZ,伟星股份,2004-06-25
002004.SZ,华邦健康,2004-06-25
002005.SZ,德豪润达,2004-06-25
002006.SZ,精功科技,2004-06-25
002007.SZ,华兰生物,2004-06-25
002008.SZ,大族激光,2004-06-25
002009.SZ,天奇股份,2004-06-29
002010.SZ,传化股份,2004-06-29
002011.SZ,盾安环境,2004-07-05
002012.SZ,凯恩股份,2004-07-05
002013.SZ,中航机电,2004-07-05
002014.SZ,永新股份,2004-07-08
002015.SZ,霞客环保,2004-07-08
002016.SZ,世荣兆业,2004-07-08
002017.SZ,东信和平,2004-07-13
002018.SZ,华信国际,2004-07-13
002019.SZ,亿帆鑫富,2004-07-13
002020.SZ,京新药业,2004-07-15
002021.SZ,中捷资源,2004-07-15
002022.SZ,科华生物,2004-07-21
002023.SZ,海特高新,2004-07-21
002024.SZ,苏宁云商,2004-07-21
002025.SZ,航天电器,2004-07-26
002026.SZ,山东威达,2004-07-27
002027.SZ,分众传媒,2004-08-04
002028.SZ,思源电气,2004-08-05
002029.SZ,七匹狼,2004-08-06
002030.SZ,达安基因,2004-08-09
002031.SZ,巨轮智能,2004-08-16
002032.SZ,苏泊尔,2004-08-17
002033.SZ,丽江旅游,2004-08-25
002034.SZ,美欣达,2004-08-26
002035.SZ,华帝股份,2004-09-01
002036.SZ,联创电子,2004-09-03
002037.SZ,久联发展,2004-09-08
002038.SZ,双鹭药业,2004-09-09
002039.SZ,黔源电力,2005-03-03
002040.SZ,南京港,2005-03-25
002041.SZ,登海种业,2005-04-18
002042.SZ,华孚色纺,2005-04-27
002043.SZ,兔宝宝,2005-05-10
002044.SZ,美年健康,2005-05-18
002045.SZ,国光电器,2005-05-23
002046.SZ,轴研科技,2005-05-26
002047.SZ,宝鹰股份,2005-05-31
002048.SZ,宁波华翔,2005-06-03
002049.SZ,同方国芯,2005-06-06
002050.SZ,三花股份,2005-06-07
002051.SZ,中工国际,2006-06-19
002052.SZ,同洲电子,2006-06-27
002053.SZ,云南盐化,2006-06-27
002054.SZ,德美化工,2006-07-25
002055.SZ,得润电子,2006-07-25
002056.SZ,横店东磁,2006-08-02
002057.SZ,中钢天源,2006-08-02
002058.SZ,威尔泰,2006-08-02
002059.SZ,云南旅游,2006-08-10
002060.SZ,粤水电,2006-08-10
002061.SZ,*ST江化,2006-08-16
002062.SZ,宏润建设,2006-08-16
002063.SZ,远光软件,2006-08-23
002064.SZ,华峰氨纶,2006-08-23
002065.SZ,东华软件,2006-08-23
002066.SZ,瑞泰科技,2006-08-23
002067.SZ,景兴纸业,2006-09-15
002068.SZ,黑猫股份,2006-09-15
002069.SZ,*ST獐岛,2006-09-28
002070.SZ,众和股份,2006-10-12
002071.SZ,长城影视,2006-10-12
002072.SZ,凯瑞德,2006-10-18
002073.SZ,软控股份,2006-10-18
002074.SZ,国轩高科,2006-10-18
002075.SZ,沙钢股份,2006-10-25
002076.SZ,雪莱特,2006-10-25
002077.SZ,大港股份,2006-11-16
002078.SZ,太阳纸业,2006-11-16
002079.SZ,苏州固锝,2006-11-16
002080.SZ,中材科技,2006-11-20
002081.SZ,金螳螂,2006-11-20
002082.SZ,栋梁新材,2006-11-20
002083.SZ,孚日股份,2006-11-24
002084.SZ,海鸥卫浴,2006-11-24
002085.SZ,万丰奥威,2006-11-28
002086.SZ,东方海洋,2006-11-28
002087.SZ,新野纺织,2006-11-30
002088.SZ,鲁阳节能,2006-11-30
002089.SZ,新海宜,2006-11-30
002090.SZ,金智科技,2006-12-08
002091.SZ,江苏国泰,2006-12-08
002092.SZ,中泰化学,2006-12-08
002093.SZ,国脉科技,2006-12-15
002094.SZ,青岛金王,2006-12-15
002095.SZ,生意宝,2006-12-15
002096.SZ,南岭民爆,2006-12-22
002097.SZ,山河智能,2006-12-22
002098.SZ,浔兴股份,2006-12-22
002099.SZ,海翔药业,2006-12-26
002100.SZ,天康生物,2006-12-26
002101.SZ,广东鸿图,2006-12-29
002102.SZ,冠福股份,2006-12-29
002103.SZ,广博股份,2007-01-10
002104.SZ,恒宝股份,2007-01-10
002105.SZ,信隆实业,2007-01-12
002106.SZ,莱宝高科,2007-01-12
002107.SZ,沃华医药,2007-01-24
002108.SZ,沧州明珠,2007-01-24
002109.SZ,*ST兴化,2007-01-26
002110.SZ,三钢闽光,2007-01-26
002111.SZ,威海广泰,2007-01-26
002112.SZ,三变科技,2007-02-08
002113.SZ,天润控股,2007-02-08
002114.SZ,罗平锌电,2007-02-15
002115.SZ,三维通信,2007-02-15
002116.SZ,中国海诚,2007-02-15
002117.SZ,东港股份,2007-03-02
002118.SZ,紫鑫药业,2007-03-02
002119.SZ,康强电子,2007-03-02
002120.SZ,新海股份,2007-03-06
002121.SZ,科陆电子,2007-03-06
002122.SZ,天马股份,2007-03-28
002123.SZ,荣信股份,2007-03-28
002124.SZ,天邦股份,2007-04-03
002125.SZ,湘潭电化,2007-04-03
002126.SZ,银轮股份,2007-04-18
002127.SZ,南极电商,2007-04-18
002128.SZ,露天煤业,2007-04-18
002129.SZ,中环股份,2007-04-20
002130.SZ,沃尔核材,2007-04-20
002131.SZ,利欧股份,2007-04-27
002132.SZ,恒星科技,2007-04-27
002133.SZ,广宇集团,2007-04-27
002134.SZ,天津普林,2007-05-16
002135.SZ,东南网架,2007-05-30
002136.SZ,安纳达,2007-05-30
002137.SZ,麦达数字,2007-06-13
002138.SZ,顺络电子,2007-06-13
002139.SZ,拓邦股份,2007-06-29
002140.SZ,东华科技,2007-07-12
002141.SZ,蓉胜超微,2007-07-20
002142.SZ,宁波银行,2007-07-19
002143.SZ,印纪传媒,2007-07-20
002144.SZ,宏达高科,2007-08-03
002145.SZ,中核钛白,2007-08-03
002146.SZ,荣盛发展,2007-08-08
002147.SZ,新光圆成,2007-08-08
002148.SZ,北纬通信,2007-08-10
002149.SZ,西部材料,2007-08-10
002150.SZ,通润装备,2007-08-10
002151.SZ,北斗星通,2007-08-13
002152.SZ,广电运通,2007-08-13
002153.SZ,石基信息,2007-08-13
002154.SZ,报喜鸟,2007-08-16
002155.SZ,湖南黄金,2007-08-16
002156.SZ,通富微电,2007-08-16
002157.SZ,正邦科技,2007-08-17
002158.SZ,汉钟精机,2007-08-17
002159.SZ,三特索道,2007-08-17
002160.SZ,常铝股份,2007-08-21
002161.SZ,远望谷,2007-08-21
002162.SZ,悦心健康,2007-08-23
002163.SZ,中航三鑫,2007-08-23
002164.SZ,宁波东力,2007-08-23
002165.SZ,红宝丽,2007-09-13
002166.SZ,莱茵生物,2007-09-13
002167.SZ,东方锆业,2007-09-13
002168.SZ,深圳惠程,2007-09-19
002169.SZ,智光电气,2007-09-19
002170.SZ,芭田股份,2007-09-19
002171.SZ,楚江新材,2007-09-21
002172.SZ,澳洋科技,2007-09-21
002173.SZ,*ST千足,2007-09-25
002174.SZ,游族网络,2007-09-25
002175.SZ,东方网络,2007-10-12
002176.SZ,江特电机,2007-10-12
002177.SZ,御银股份,2007-11-01
002178.SZ,延华智能,2007-11-01
002179.SZ,中航光电,2007-11-01
002180.SZ,艾派克,2007-11-13
002181.SZ,粤传媒,2007-11-16
002182.SZ,云海金属,2007-11-13
002183.SZ,怡亚通,2007-11-13
002184.SZ,海得控制,2007-11-16
002185.SZ,华天科技,2007-11-20
002186.SZ,全聚德,2007-11-20
002187.SZ,广百股份,2007-11-22
002188.SZ,巴士在线,2007-11-22
002189.SZ,利达光电,2007-12-03
002190.SZ,成飞集成,2007-12-03
002191.SZ,劲嘉股份,2007-12-05
002192.SZ,融捷股份,2007-12-05
002193.SZ,山东如意,2007-12-07
002194.SZ,武汉凡谷,2007-12-07
002195.SZ,二三四五,2007-12-12
002196.SZ,方正电机,2007-12-12
002197.SZ,证通电子,2007-12-18
002198.SZ,嘉应制药,2007-12-18
002199.SZ,*ST东晶,2007-12-21
002200.SZ,云投生态,2007-12-21
002201.SZ,九鼎新材,2007-12-26
002202.SZ,金风科技,2007-12-26
002203.SZ,海亮股份,2008-01-16
002204.SZ,大连重工,2008-01-16
002205.SZ,国统股份,2008-01-23
002206.SZ,海利得,2008-01-23
002207.SZ,准油股份,2008-01-28
002208.SZ,合肥城建,2008-01-28
002209.SZ,达意隆,2008-01-30
002210.SZ,飞马国际,2008-01-30
002211.SZ,宏达新材,2008-02-01
002212.SZ,南洋股份,2008-02-01
002213.SZ,特尔佳,2008-02-01
002214.SZ,大立科技,2008-02-18
002215.SZ,诺普信,2008-02-18
002216.SZ,三全食品,2008-02-20
002217.SZ,合力泰,2008-02-20
002218.SZ,拓日新能,2008-02-28
002219.SZ,恒康医疗,2008-03-06
002220.SZ,天宝股份,2008-02-28
002221.SZ,东华能源,2008-03-06
002222.SZ,福晶科技,2008-03-19
002223.SZ,鱼跃医疗,2008-04-18
002224.SZ,三力士,2008-04-25
002225.SZ,濮耐股份,2008-04-25
002226.SZ,江南化工,2008-05-06
002227.SZ,奥特迅,2008-05-06
002228.SZ,合兴包装,2008-05-08
002229.SZ,鸿博股份,2008-05-08
002230.SZ,科大讯飞,2008-05-12
002231.SZ,奥维通信,2008-05-12
002232.SZ,启明信息,2008-05-09
002233.SZ,塔牌集团,2008-05-16
002234.SZ,民和股份,2008-05-16
002235.SZ,安妮股份,2008-05-16
002236.SZ,大华股份,2008-05-20
002237.SZ,恒邦股份,2008-05-20
002238.SZ,天威视讯,2008-05-26
002239.SZ,奥特佳,2008-05-22
002240.SZ,威华股份,2008-05-23
002241.SZ,歌尔声学,2008-05-22
002242.SZ,九阳股份,2008-05-28
002243.SZ,通产丽星,2008-05-28
002244.SZ,滨江集团,2008-05-29
002245.SZ,澳洋顺昌,2008-06-05
002246.SZ,北化股份,2008-06-05
002247.SZ,帝龙新材,2008-06-12
002248.SZ,华东数控,2008-06-12
002249.SZ,大洋电机,2008-06-19
002250.SZ,联化科技,2008-06-19
002251.SZ,步步高,2008-06-19
002252.SZ,上海莱士,2008-06-23
002253.SZ,川大智胜,2008-06-23
002254.SZ,泰和新材,2008-06-25
002255.SZ,海陆重工,2008-06-25
002256.SZ,彩虹精化,2008-06-25
002258.SZ,利尔化学,2008-07-08
002259.SZ,升达林业,2008-07-16
002260.SZ,德奥通航,2008-07-16
002261.SZ,拓维信息,2008-07-23
002262.SZ,恩华药业,2008-07-23
002263.SZ,大东南,2008-07-28
002264.SZ,新华都,2008-07-31
002265.SZ,西仪股份,2008-08-06
002266.SZ,浙富控股,2008-08-06
002267.SZ,陕天然气,2008-08-13
002268.SZ,卫士通,2008-08-11
002269.SZ,美邦服饰,2008-08-28
002270.SZ,法因数控,2008-09-05
002271.SZ,东方雨虹,2008-09-10
002272.SZ,川润股份,2008-09-19
002273.SZ,水晶光电,2008-09-19
002274.SZ,华昌化工,2008-09-25
002275.SZ,桂林三金,2009-07-10
002276.SZ,万马股份,2009-07-10
002277.SZ,友阿股份,2009-07-17
002278.SZ,神开股份,2009-08-11
002279.SZ,久其软件,2009-08-11
002280.SZ,联络互动,2009-08-21
002281.SZ,光迅科技,2009-08-21
002282.SZ,博深工具,2009-08-21
002283.SZ,天润曲轴,2009-08-21
002284.SZ,亚太股份,2009-08-28
002285.SZ,世联行,2009-08-28
002286.SZ,保龄宝,2009-08-28
002287.SZ,奇正藏药,2009-08-28
002288.SZ,超华科技,2009-09-03
002289.SZ,*ST宇顺,2009-09-03
002290.SZ,禾盛新材,2009-09-03
002291.SZ,星期六,2009-09-03
002292.SZ,奥飞娱乐,2009-09-10
002293.SZ,罗莱生活,2009-09-10
002294.SZ,信立泰,2009-09-10
002295.SZ,精艺股份,2009-09-29
002296.SZ,辉煌科技,2009-09-29
002297.SZ,博云新材,2009-09-29
002298.SZ,中电鑫龙,2009-09-29
002299.SZ,圣农发展,2009-10-21
002300.SZ,太阳电缆,2009-10-21
002301.SZ,齐心集团,2009-10-21
002302.SZ,西部建设,2009-11-03
002303.SZ,美盈森,2009-11-03
002304.SZ,洋河股份,2009-11-06
002305.SZ,南国置业,2009-11-06
002306.SZ,*ST云网,2009-11-11
002307.SZ,北新路桥,2009-11-11
002308.SZ,威创股份,2009-11-27
002309.SZ,中利科技,2009-11-27
002310.SZ,东方园林,2009-11-27
002311.SZ,海大集团,2009-11-27
002312.SZ,三泰控股,2009-12-03
002313.SZ,日海通讯,2009-12-03
002314.SZ,南山控股,2009-12-03
002315.SZ,焦点科技,2009-12-09
002316.SZ,键桥通讯,2009-12-09
002317.SZ,众生药业,2009-12-11
002318.SZ,久立特材,2009-12-11
002319.SZ,乐通股份,2009-12-11
002320.SZ,海峡股份,2009-12-16
002321.SZ,华英农业,2009-12-16
002322.SZ,理工环科,2009-12-18
002323.SZ,雅百特,2009-12-18
002324.SZ,普利特,2009-12-18
002325.SZ,洪涛股份,2009-12-22
002326.SZ,永太科技,2009-12-22
002327.SZ,富安娜,2009-12-30
002328.SZ,新朋股份,2009-12-30
002329.SZ,皇氏集团,2010-01-06
002330.SZ,得利斯,2010-01-06
002331.SZ,皖通科技,2010-01-06
002332.SZ,仙琚制药,2010-01-12
002333.SZ,罗普斯金,2010-01-12
002334.SZ,英威腾,2010-01-13
002335.SZ,科华恒盛,2010-01-13
002336.SZ,*ST人乐,2010-01-13
002337.SZ,赛象科技,2010-01-15
002338.SZ,奥普光电,2010-01-15
002339.SZ,积成电子,2010-01-22
002340.SZ,格林美,2010-01-22
002341.SZ,新纶科技,2010-01-22
002342.SZ,巨力索具,2010-01-26
002343.SZ,慈文传媒,2010-01-26
002344.SZ,海宁皮城,2010-01-26
002345.SZ,潮宏基,2010-01-28
002346.SZ,柘中股份,2010-01-28
002347.SZ,泰尔重工,2010-01-28
002348.SZ,高乐股份,2010-02-03
002349.SZ,精华制药,2010-02-03
002350.SZ,北京科锐,2010-02-03
002351.SZ,漫步者,2010-02-05
002352.SZ,鼎泰新材,2010-02-05
002353.SZ,杰瑞股份,2010-02-05
002354.SZ,天神娱乐,2010-02-09
002355.SZ,兴民钢圈,2010-02-09
002356.SZ,浩宁达,2010-02-09
002357.SZ,富临运业,2010-02-10
002358.SZ,森源电气,2010-02-10
002359.SZ,齐星铁塔,2010-02-10
002360.SZ,同德化工,2010-03-03
002361.SZ,神剑股份,2010-03-03
002362.SZ,汉王科技,2010-03-03
002363.SZ,隆基机械,2010-03-05
002364.SZ,中恒电气,2010-03-05
002365.SZ,永安药业,2010-03-05
002366.SZ,台海核电,2010-03-12
002367.SZ,康力电梯,2010-03-12
002368.SZ,太极股份,2010-03-12
002369.SZ,卓翼科技,2010-03-16
002370.SZ,亚太药业,2010-03-16
002371.SZ,七星电子,2010-03-16
002372.SZ,伟星新材,2010-03-18
002373.SZ,千方科技,2010-03-18
002374.SZ,丽鹏股份,2010-03-18
002375.SZ,亚厦股份,2010-03-23
002376.SZ,新北洋,2010-03-23
002377.SZ,国创高新,2010-03-23
002378.SZ,章源钨业,2010-03-31
002379.SZ,*ST鲁丰,2010-03-31
002380.SZ,科远股份,2010-03-31
002381.SZ,双箭股份,2010-04-02
002382.SZ,蓝帆医疗,2010-04-02
002383.SZ,合众思壮,2010-04-02
002384.SZ,东山精密,2010-04-09
002385.SZ,大北农,2010-04-09
002386.SZ,天原集团,2010-04-09
002387.SZ,黑牛食品,2010-04-13
002388.SZ,新亚制程,2010-04-13
002389.SZ,南洋科技,2010-04-13
002390.SZ,信邦制药,2010-04-16
002391.SZ,长青股份,2010-04-16
002392.SZ,北京利尔,2010-04-23
002393.SZ,力生制药,2010-04-23
002394.SZ,联发股份,2010-04-23
002395.SZ,双象股份,2010-04-29
002396.SZ,星网锐捷,2010-06-23
002397.SZ,梦洁家纺,2010-04-29
002398.SZ,建研集团,2010-05-06
002399.SZ,海普瑞,2010-05-06
002400.SZ,省广股份,2010-05-06
002401.SZ,中海科技,2010-05-06
002402.SZ,和而泰,2010-05-11
002403.SZ,爱仕达,2010-05-11
002404.SZ,嘉欣丝绸,2010-05-11
002405.SZ,四维图新,2010-05-18
002406.SZ,远东传动,2010-05-18
002407.SZ,多氟多,2010-05-18
002408.SZ,齐翔腾达,2010-05-18
002409.SZ,雅克科技,2010-05-25
002410.SZ,广联达,2010-05-25
002411.SZ,必康股份,2010-05-25
002412.SZ,汉森制药,2010-05-25
002413.SZ,雷科防务,2010-05-28
002414.SZ,高德红外,2010-07-16
002415.SZ,海康威视,2010-05-28
002416.SZ,爱施德,2010-05-28
002417.SZ,三元达,2010-06-01
002418.SZ,康盛股份,2010-06-01
002419.SZ,天虹商场,2010-06-01
002420.SZ,毅昌股份,2010-06-01
002421.SZ,达实智能,2010-06-03
002422.SZ,科伦药业,2010-06-03
002423.SZ,*ST中特,2010-06-03
002424.SZ,贵州百灵,2010-06-03
002425.SZ,凯撒股份,2010-06-08
002426.SZ,胜利精密,2010-06-08
002427.SZ,尤夫股份,2010-06-08
002428.SZ,云南锗业,2010-06-08
002429.SZ,兆驰股份,2010-06-10
002430.SZ,杭氧股份,2010-06-10
002431.SZ,棕榈股份,2010-06-10
002432.SZ,九安医疗,2010-06-10
002433.SZ,太安堂,2010-06-18
002434.SZ,万里扬,2010-06-18
002435.SZ,长江润发,2010-06-18
002436.SZ,兴森科技,2010-06-18
002437.SZ,誉衡药业,2010-06-23
002438.SZ,江苏神通,2010-06-23
002439.SZ,启明星辰,2010-06-23
002440.SZ,闰土股份,2010-07-06
002441.SZ,众业达,2010-07-06
002442.SZ,龙星化工,2010-07-06
002443.SZ,金洲管道,2010-07-06
002444.SZ,巨星科技,2010-07-13
002445.SZ,中南重工,2010-07-13
002446.SZ,盛路通信,2010-07-13
002447.SZ,壹桥海参,2010-07-13
002448.SZ,中原内配,2010-07-16
002449.SZ,国星光电,2010-07-16
002450.SZ,康得新,2010-07-16
002451.SZ,摩恩电气,2010-07-20
002452.SZ,长高集团,2010-07-20
002453.SZ,天马精化,2010-07-20
002454.SZ,松芝股份,2010-07-20
002455.SZ,百川股份,2010-08-03
002456.SZ,欧菲光,2010-08-03
002457.SZ,青龙管业,2010-08-03
002458.SZ,益生股份,2010-08-10
002459.SZ,天业通联,2010-08-10
002460.SZ,赣锋锂业,2010-08-10
002461.SZ,珠江啤酒,2010-08-18
002462.SZ,嘉事堂,2010-08-18
002463.SZ,沪电股份,2010-08-18
002464.SZ,金利科技,2010-08-31
002465.SZ,海格通信,2010-08-31
002466.SZ,天齐锂业,2010-08-31
002467.SZ,二六三,2010-09-08
002468.SZ,艾迪西,2010-09-08
002469.SZ,三维工程,2010-09-08
002470.SZ,金正大,2010-09-08
002471.SZ,中超控股,2010-09-10
002472.SZ,双环传动,2010-09-10
002473.SZ,圣莱达,2010-09-10
002474.SZ,榕基软件,2010-09-15
002475.SZ,立讯精密,2010-09-15
002476.SZ,宝莫股份,2010-09-15
002477.SZ,雏鹰农牧,2010-09-15
002478.SZ,常宝股份,2010-09-21
002479.SZ,富春环保,2010-09-21
002480.SZ,新筑股份,2010-09-21
002481.SZ,双塔食品,2010-09-21
002482.SZ,广田股份,2010-09-29
002483.SZ,润邦股份,2010-09-29
002484.SZ,江海股份,2010-09-29
002485.SZ,希努尔,2010-10-15
002486.SZ,嘉麟杰,2010-10-15
002487.SZ,大金重工,2010-10-15
002488.SZ,金固股份,2010-10-21
002489.SZ,浙江永强,2010-10-21
002490.SZ,山东墨龙,2010-10-21
002491.SZ,通鼎互联,2010-10-21
002492.SZ,恒基达鑫,2010-11-02
002493.SZ,荣盛石化,2010-11-02
002494.SZ,华斯股份,2010-11-02
002495.SZ,佳隆股份,2010-11-02
002496.SZ,辉丰股份,2010-11-09
002497.SZ,雅化集团,2010-11-09
002498.SZ,汉缆股份,2010-11-09
002499.SZ,科林环保,2010-11-09
002500.SZ,山西证券,2010-11-15
002501.SZ,利源精制,2010-11-17
002502.SZ,骅威文化,2010-11-17
002503.SZ,搜于特,2010-11-17
002504.SZ,弘高创意,2010-11-18
002505.SZ,大康牧业,2010-11-18
002506.SZ,协鑫集成,2010-11-18
002507.SZ,涪陵榨菜,2010-11-23
002508.SZ,老板电器,2010-11-23
002509.SZ,天广消防,2010-11-23
002510.SZ,天汽模,2010-11-25
002511.SZ,中顺洁柔,2010-11-25
002512.SZ,达华智能,2010-12-03
002513.SZ,*ST蓝丰,2010-12-03
002514.SZ,宝馨科技,2010-12-03
002515.SZ,金字火腿,2010-12-03
002516.SZ,旷达科技,2010-12-07
002517.SZ,恺英网络,2010-12-07
002518.SZ,科士达,2010-12-07
002519.SZ,银河电子,2010-12-07
002520.SZ,日发精机,2010-12-10
002521.SZ,齐峰新材,2010-12-10
002522.SZ,浙江众成,2010-12-10
002523.SZ,天桥起重,2010-12-10
002524.SZ,光正集团,2010-12-17
002526.SZ,山东矿机,2010-12-17
002527.SZ,新时达,2010-12-24
002528.SZ,英飞拓,2010-12-24
002529.SZ,海源机械,2010-12-24
002530.SZ,丰东股份,2010-12-31
002531.SZ,天顺风能,2010-12-31
002532.SZ,新界泵业,2010-12-31
002533.SZ,金杯电工,2010-12-31
002534.SZ,杭锅股份,2011-01-10
002535.SZ,林州重机,2011-01-11
002536.SZ,西泵股份,2011-01-11
002537.SZ,海立美达,2011-01-10
002538.SZ,司尔特,2011-01-18
002539.SZ,新都化工,2011-01-18
002540.SZ,亚太科技,2011-01-18
002541.SZ,鸿路钢构,2011-01-18
002542.SZ,中化岩土,2011-01-28
002543.SZ,万和电气,2011-01-28
002544.SZ,杰赛科技,2011-01-28
002545.SZ,东方铁塔,2011-02-11
002546.SZ,新联电子,2011-02-11
002547.SZ,春兴精工,2011-02-18
002548.SZ,金新农,2011-02-18
002549.SZ,凯美特气,2011-02-18
002550.SZ,千红制药,2011-02-18
002551.SZ,尚荣医疗,2011-02-25
002552.SZ,宝鼎科技,2011-02-25
002553.SZ,南方轴承,2011-02-25
002554.SZ,惠博普,2011-02-25
002555.SZ,三七互娱,2011-03-02
002556.SZ,辉隆股份,2011-03-02
002557.SZ,洽洽食品,2011-03-02
002558.SZ,世纪游轮,2011-03-02
002559.SZ,亚威股份,2011-03-03
002560.SZ,通达股份,2011-03-03
002561.SZ,徐家汇,2011-03-03
002562.SZ,兄弟科技,2011-03-10
002563.SZ,森马服饰,2011-03-11
002564.SZ,天沃科技,2011-03-10
002565.SZ,上海绿新,2011-03-18
002566.SZ,益盛药业,2011-03-18
002567.SZ,唐人神,2011-03-25
002568.SZ,百润股份,2011-03-25
002569.SZ,步森股份,2011-04-12
002570.SZ,贝因美,2011-04-12
002571.SZ,德力股份,2011-04-12
002572.SZ,索菲亚,2011-04-12
002573.SZ,清新环境,2011-04-22
002574.SZ,明牌珠宝,2011-04-22
002575.SZ,群兴玩具,2011-04-22
002576.SZ,通达动力,2011-04-28
002577.SZ,雷柏科技,2011-04-28
002578.SZ,闽发铝业,2011-04-28
002579.SZ,中京电子,2011-05-06
002580.SZ,圣阳股份,2011-05-06
002581.SZ,未名医药,2011-05-20
002582.SZ,好想你,2011-05-20
002583.SZ,海能达,2011-05-27
002584.SZ,西陇科学,2011-06-02
002585.SZ,双星新材,2011-06-02
002586.SZ,围海股份,2011-06-02
002587.SZ,奥拓电子,2011-06-10
002588.SZ,史丹利,2011-06-10
002589.SZ,瑞康医药,2011-06-10
002590.SZ,万安科技,2011-06-10
002591.SZ,恒大高新,2011-06-21
002592.SZ,八菱科技,2011-11-11
002593.SZ,日上集团,2011-06-28
002594.SZ,比亚迪,2011-06-30
002595.SZ,豪迈科技,2011-06-28
002596.SZ,海南瑞泽,2011-07-07
002597.SZ,金禾实业,2011-07-07
002598.SZ,山东章鼓,2011-07-07
002599.SZ,盛通股份,2011-07-15
002600.SZ,江粉磁材,2011-07-15
002601.SZ,佰利联,2011-07-15
002602.SZ,世纪华通,2011-07-28
002603.SZ,以岭药业,2011-07-28
002604.SZ,龙力生物,2011-07-28
002605.SZ,姚记扑克,2011-08-05
002606.SZ,大连电瓷,2011-08-05
002607.SZ,亚夏汽车,2011-08-10
002608.SZ,*ST舜船,2011-08-10
002609.SZ,捷顺科技,2011-08-15
002610.SZ,爱康科技,2011-08-15
002611.SZ,东方精工,2011-08-30
002612.SZ,朗姿股份,2011-08-30
002613.SZ,北玻股份,2011-08-30
002614.SZ,蒙发利,2011-09-09
002615.SZ,哈尔斯,2011-09-09
002616.SZ,长青集团,2011-09-20
002617.SZ,露笑科技,2011-09-20
002618.SZ,丹邦科技,2011-09-20
002619.SZ,巨龙管业,2011-09-29
002620.SZ,瑞和股份,2011-09-29
002621.SZ,三垒股份,2011-09-29
002622.SZ,永大集团,2011-10-18
002623.SZ,亚玛顿,2011-10-13
002624.SZ,完美环球,2011-10-28
002625.SZ,龙生股份,2011-11-03
002626.SZ,金达威,2011-10-28
002627.SZ,宜昌交运,2011-11-03
002628.SZ,成都路桥,2011-11-03
002629.SZ,仁智油服,2011-11-03
002630.SZ,华西能源,2011-11-11
002631.SZ,德尔未来,2011-11-11
002632.SZ,道明光学,2011-11-22
002633.SZ,申科股份,2011-11-22
002634.SZ,棒杰股份,2011-12-05
002635.SZ,安洁科技,2011-11-25
002636.SZ,金安国纪,2011-11-25
002637.SZ,赞宇科技,2011-11-25
002638.SZ,勤上光电,2011-11-25
002639.SZ,雪人股份,2011-12-05
002640.SZ,跨境通,2011-12-08
002641.SZ,永高股份,2011-12-08
002642.SZ,荣之联,2011-12-20
002643.SZ,万润股份,2011-12-20
002644.SZ,佛慈制药,2011-12-22
002645.SZ,华宏科技,2011-12-20
002646.SZ,青青稞酒,2011-12-22
002647.SZ,宏磊股份,2011-12-28
002648.SZ,卫星石化,2011-12-28
002649.SZ,博彦科技,2012-01-06
002650.SZ,加加食品,2012-01-06
002651.SZ,利君股份,2012-01-06
002652.SZ,扬子新材,2012-01-19
002653.SZ,海思科,2012-01-17
002654.SZ,万润科技,2012-02-17
002655.SZ,共达电声,2012-02-17
002656.SZ,摩登大道,2012-02-28
002657.SZ,中科金财,2012-02-28
002658.SZ,雪迪龙,2012-03-09
002659.SZ,中泰桥梁,2012-03-09
002660.SZ,茂硕电源,2012-03-16
002661.SZ,克明面业,2012-03-16
002662.SZ,京威股份,2012-03-09
002663.SZ,普邦园林,2012-03-16
002664.SZ,信质电机,2012-03-16
002665.SZ,首航节能,2012-03-27
002666.SZ,德联集团,2012-03-27
002667.SZ,鞍重股份,2012-03-29
002668.SZ,奥马电器,2012-04-16
002669.SZ,康达新材,2012-04-16
002670.SZ,华声股份,2012-04-16
002671.SZ,龙泉股份,2012-04-26
002672.SZ,东江环保,2012-04-26
002673.SZ,西部证券,2012-05-03
002674.SZ,兴业科技,2012-05-07
002675.SZ,东诚药业,2012-05-25
002676.SZ,顺威股份,2012-05-25
002677.SZ,浙江美大,2012-05-25
002678.SZ,珠江钢琴,2012-05-30
002679.SZ,福建金森,2012-06-05
002680.SZ,长生生物,2012-06-05
002681.SZ,奋达科技,2012-06-05
002682.SZ,龙洲股份,2012-06-12
002683.SZ,宏大爆破,2012-06-12
002684.SZ,猛狮科技,2012-06-12
002685.SZ,华东重机,2012-06-12
002686.SZ,亿利达,2012-07-03
002687.SZ,乔治白,2012-07-13
002688.SZ,金河生物,2012-07-13
002689.SZ,远大智能,2012-07-17
002690.SZ,美亚光电,2012-07-31
002691.SZ,冀凯股份,2012-07-31
002692.SZ,远程电缆,2012-08-08
002693.SZ,双成药业,2012-08-08
002694.SZ,顾地科技,2012-08-16
002695.SZ,煌上煌,2012-09-05
002696.SZ,百洋股份,2012-09-05
002697.SZ,红旗连锁,2012-09-05
002698.SZ,博实股份,2012-09-11
002699.SZ,美盛文化,2012-09-11
002700.SZ,新疆浩源,2012-09-21
002701.SZ,奥瑞金,2012-10-11
002702.SZ,海欣食品,2012-10-11
002703.SZ,浙江世宝,2012-11-02
002705.SZ,新宝股份,2014-01-21
002706.SZ,良信电器,2014-01-21
002707.SZ,众信旅游,2014-01-23
002708.SZ,光洋股份,2014-01-21
002709.SZ,天赐材料,2014-01-23
002711.SZ,欧浦智网,2014-01-27
002712.SZ,思美传媒,2014-01-23
002713.SZ,东易日盛,2014-02-19
002714.SZ,牧原股份,2014-01-28
002715.SZ,登云股份,2014-02-19
002716.SZ,金贵银业,2014-01-28
002717.SZ,岭南园林,2014-02-19
002718.SZ,友邦吊顶,2014-01-28
002719.SZ,麦趣尔,2014-01-28
002721.SZ,金一文化,2014-01-27
002722.SZ,金轮股份,2014-01-28
002723.SZ,金莱特,2014-01-29
002724.SZ,海洋王,2014-11-04
002725.SZ,跃岭股份,2014-01-29
002726.SZ,龙大肉食,2014-06-26
002727.SZ,一心堂,2014-07-02
002728.SZ,台城制药,2014-07-31
002729.SZ,好利来,2014-09-12
002730.SZ,电光科技,2014-10-09
002731.SZ,萃华珠宝,2014-11-04
002732.SZ,燕塘乳业,2014-12-05
002733.SZ,雄韬股份,2014-12-03
002734.SZ,利民股份,2015-01-27
002735.SZ,王子新材,2014-12-03
002736.SZ,国信证券,2014-12-29
002737.SZ,葵花药业,2014-12-30
002738.SZ,中矿资源,2014-12-30
002739.SZ,万达院线,2015-01-22
002740.SZ,爱迪尔,2015-01-22
002741.SZ,光华科技,2015-02-16
002742.SZ,三圣特材,2015-02-17
002743.SZ,富煌钢构,2015-02-17
002745.SZ,木林森,2015-02-17
002746.SZ,仙坛股份,2015-02-16
002747.SZ,埃斯顿,2015-03-20
002748.SZ,世龙实业,2015-03-19
002749.SZ,国光股份,2015-03-20
002750.SZ,龙津药业,2015-03-24
002751.SZ,易尚展示,2015-04-24
002752.SZ,N兴股份,2015-04-22
002753.SZ,永东股份,2015-05-19
002755.SZ,东方新星,2015-05-15
002756.SZ,永兴特钢,2015-05-15
002757.SZ,南兴装备,2015-05-27
002758.SZ,华通医药,2015-05-27
002759.SZ,天际股份,2015-05-28
002760.SZ,凤形股份,2015-06-11
002761.SZ,多喜爱,2015-06-10
002762.SZ,金发拉比,2015-06-10
002763.SZ,汇洁股份,2015-06-10
002765.SZ,蓝黛传动,2015-06-12
002766.SZ,索菱股份,2015-06-11
002767.SZ,先锋电子,2015-06-12
002768.SZ,国恩股份,2015-06-30
002769.SZ,普路通,2015-06-29
002770.SZ,科迪乳业,2015-06-30
002771.SZ,真视通,2015-06-29
002772.SZ,众兴菌业,2015-06-26
002773.SZ,康弘药业,2015-06-26
002775.SZ,文科园林,2015-06-29
002776.SZ,柏堡龙,2015-06-26
002777.SZ,久远银海,2015-12-31
002778.SZ,高科石化,2016-01-06
002779.SZ,中坚科技,2015-12-09
002780.SZ,三夫户外,2015-12-09
002781.SZ,奇信股份,2015-12-22
002782.SZ,可立克,2015-12-22
002783.SZ,凯龙股份,2015-12-09
002785.SZ,万里石,2015-12-23
002786.SZ,银宝山新,2015-12-23
002787.SZ,华源包装,2015-12-31
002788.SZ,鹭燕医药,2016-02-18
002789.SZ,建艺集团,2016-03-11
002790.SZ,瑞尔特,2016-03-08
002791.SZ,坚朗五金,2016-03-29
002792.SZ,通宇通讯,2016-03-28
002793.SZ,东音股份,2016-04-15
002795.SZ,永和智控,2016-04-28
002796.SZ,世嘉科技,2016-05-10
002797.SZ,N一创,2016-05-11
300001.SZ,特锐德,2009-10-30
300002.SZ,神州泰岳,2009-10-30
300003.SZ,乐普医疗,2009-10-30
300004.SZ,南风股份,2009-10-30
300005.SZ,探路者,2009-10-30
300006.SZ,莱美药业,2009-10-30
300007.SZ,汉威电子,2009-10-30
300008.SZ,上海佳豪,2009-10-30
300009.SZ,安科生物,2009-10-30
300010.SZ,立思辰,2009-10-30
300011.SZ,鼎汉技术,2009-10-30
300012.SZ,华测检测,2009-10-30
300013.SZ,新宁物流,2009-10-30
300014.SZ,亿纬锂能,2009-10-30
300015.SZ,爱尔眼科,2009-10-30
300016.SZ,北陆药业,2009-10-30
300017.SZ,网宿科技,2009-10-30
300018.SZ,中元华电,2009-10-30
300019.SZ,硅宝科技,2009-10-30
300020.SZ,银江股份,2009-10-30
300021.SZ,大禹节水,2009-10-30
300022.SZ,吉峰农机,2009-10-30
300023.SZ,宝德股份,2009-10-30
300024.SZ,机器人,2009-10-30
300025.SZ,华星创业,2009-10-30
300026.SZ,红日药业,2009-10-30
300027.SZ,华谊兄弟,2009-10-30
300028.SZ,金亚科技,2009-10-30
300029.SZ,天龙光电,2009-12-25
300030.SZ,阳普医疗,2009-12-25
300031.SZ,宝通科技,2009-12-25
300032.SZ,金龙机电,2009-12-25
300033.SZ,同花顺,2009-12-25
300034.SZ,钢研高纳,2009-12-25
300035.SZ,中科电气,2009-12-25
300036.SZ,超图软件,2009-12-25
300037.SZ,新宙邦,2010-01-08
300038.SZ,梅泰诺,2010-01-08
300039.SZ,上海凯宝,2010-01-08
300040.SZ,九洲电气,2010-01-08
300041.SZ,回天新材,2010-01-08
300042.SZ,朗科科技,2010-01-08
300043.SZ,互动娱乐,2010-01-20
300044.SZ,赛为智能,2010-01-20
300045.SZ,华力创通,2010-01-20
300046.SZ,台基股份,2010-01-20
300047.SZ,天源迪科,2010-01-20
300048.SZ,合康变频,2010-01-20
300049.SZ,福瑞股份,2010-01-20
300050.SZ,世纪鼎利,2010-01-20
300051.SZ,三五互联,2010-02-11
300052.SZ,中青宝,2010-02-11
300053.SZ,欧比特,2010-02-11
300054.SZ,鼎龙股份,2010-02-11
300055.SZ,万邦达,2010-02-26
300056.SZ,三维丝,2010-02-26
300057.SZ,万顺股份,2010-02-26
300058.SZ,蓝色光标,2010-02-26
300059.SZ,东方财富,2010-03-19
300061.SZ,康耐特,2010-03-19
300062.SZ,中能电气,2010-03-19
300063.SZ,天龙集团,2010-03-26
300064.SZ,豫金刚石,2010-03-26
300065.SZ,海兰信,2010-03-26
300066.SZ,三川智慧,2010-03-26
300067.SZ,安诺其,2010-04-21
300068.SZ,南都电源,2010-04-21
300069.SZ,金利华电,2010-04-21
300070.SZ,碧水源,2010-04-21
300071.SZ,华谊嘉信,2010-04-21
300072.SZ,三聚环保,2010-04-27
300073.SZ,当升科技,2010-04-27
300074.SZ,华平股份,2010-04-27
300075.SZ,数字政通,2010-04-27
300076.SZ,GQY视讯,2010-04-30
300077.SZ,国民技术,2010-04-30
300078.SZ,思创医惠,2010-04-30
300079.SZ,数码视讯,2010-04-30
300080.SZ,易成新能,2010-06-25
300081.SZ,恒信移动,2010-05-20
300082.SZ,奥克股份,2010-05-20
300083.SZ,劲胜精密,2010-05-20
300084.SZ,海默科技,2010-05-20
300085.SZ,银之杰,2010-05-26
300086.SZ,康芝药业,2010-05-26
300087.SZ,荃银高科,2010-05-26
300088.SZ,长信科技,2010-05-26
300089.SZ,文化长城,2010-06-25
300090.SZ,盛运环保,2010-06-25
300091.SZ,金通灵,2010-06-25
300092.SZ,科新机电,2010-07-08
300093.SZ,金刚玻璃,2010-07-08
300094.SZ,国联水产,2010-07-08
300095.SZ,华伍股份,2010-07-28
300096.SZ,易联众,2010-07-28
300097.SZ,智云股份,2010-07-28
300098.SZ,高新兴,2010-07-28
300099.SZ,尤洛卡,2010-08-06
300100.SZ,双林股份,2010-08-06
300101.SZ,振芯科技,2010-08-06
300102.SZ,乾照光电,2010-08-12
300103.SZ,达刚路机,2010-08-12
300104.SZ,乐视网,2010-08-12
300105.SZ,龙源技术,2010-08-20
300106.SZ,西部牧业,2010-08-20
300107.SZ,建新股份,2010-08-20
300108.SZ,双龙股份,2010-08-25
300109.SZ,新开源,2010-08-25
300110.SZ,华仁药业,2010-08-25
300111.SZ,向日葵,2010-08-27
300112.SZ,万讯自控,2010-08-27
300113.SZ,顺网科技,2010-08-27
300114.SZ,中航电测,2010-08-27
300115.SZ,长盈精密,2010-09-02
300116.SZ,坚瑞消防,2010-09-02
300117.SZ,嘉寓股份,2010-09-02
300118.SZ,东方日升,2010-09-02
300119.SZ,瑞普生物,2010-09-17
300120.SZ,经纬电材,2010-09-17
300121.SZ,阳谷华泰,2010-09-17
300122.SZ,智飞生物,2010-09-28
300123.SZ,太阳鸟,2010-09-28
300124.SZ,汇川技术,2010-09-28
300125.SZ,易世达,2010-10-13
300126.SZ,锐奇股份,2010-10-13
300127.SZ,银河磁体,2010-10-13
300128.SZ,锦富新材,2010-10-13
300129.SZ,泰胜风能,2010-10-19
300130.SZ,新国都,2010-10-19
300131.SZ,英唐智控,2010-10-19
300132.SZ,青松股份,2010-10-26
300133.SZ,华策影视,2010-10-26
300134.SZ,大富科技,2010-10-26
300135.SZ,宝利国际,2010-10-26
300136.SZ,信维通信,2010-11-05
300137.SZ,先河环保,2010-11-05
300138.SZ,晨光生物,2010-11-05
300139.SZ,晓程科技,2010-11-12
300140.SZ,启源装备,2010-11-12
300141.SZ,和顺电气,2010-11-12
300142.SZ,沃森生物,2010-11-12
300143.SZ,星河生物,2010-12-09
300144.SZ,宋城演艺,2010-12-09
300145.SZ,中金环境,2010-12-09
300146.SZ,汤臣倍健,2010-12-15
300147.SZ,香雪制药,2010-12-15
300148.SZ,天舟文化,2010-12-15
300149.SZ,量子高科,2010-12-22
300150.SZ,世纪瑞尔,2010-12-22
300151.SZ,昌红科技,2010-12-22
300152.SZ,科融环境,2010-12-29
300153.SZ,科泰电源,2010-12-29
300154.SZ,瑞凌股份,2010-12-29
300155.SZ,安居宝,2011-01-07
300156.SZ,神雾环保,2011-01-07
300157.SZ,恒泰艾普,2011-01-07
300158.SZ,振东制药,2011-01-07
300159.SZ,新研股份,2011-01-07
300160.SZ,秀强股份,2011-01-13
300161.SZ,华中数控,2011-01-13
300162.SZ,雷曼股份,2011-01-13
300163.SZ,先锋新材,2011-01-13
300164.SZ,通源石油,2011-01-13
300165.SZ,天瑞仪器,2011-01-25
300166.SZ,东方国信,2011-01-25
300167.SZ,迪威视讯,2011-01-25
300168.SZ,万达信息,2011-01-25
300169.SZ,天晟新材,2011-01-25
300170.SZ,汉得信息,2011-02-01
300171.SZ,东富龙,2011-02-01
300172.SZ,中电环保,2011-02-01
300173.SZ,智慧松德,2011-02-01
300174.SZ,元力股份,2011-02-01
300175.SZ,朗源股份,2011-02-15
300176.SZ,鸿特精密,2011-02-15
300177.SZ,中海达,2011-02-15
300178.SZ,腾邦国际,2011-02-15
300179.SZ,四方达,2011-02-15
300180.SZ,华峰超纤,2011-02-22
300181.SZ,佐力药业,2011-02-22
300182.SZ,捷成股份,2011-02-22
300183.SZ,东软载波,2011-02-22
300184.SZ,力源信息,2011-02-22
300185.SZ,通裕重工,2011-03-08
300187.SZ,永清环保,2011-03-08
300188.SZ,美亚柏科,2011-03-16
300189.SZ,神农基因,2011-03-16
300190.SZ,维尔利,2011-03-16
300191.SZ,潜能恒信,2011-03-16
300192.SZ,科斯伍德,2011-03-22
300193.SZ,佳士科技,2011-03-22
300194.SZ,福安药业,2011-03-22
300195.SZ,长荣股份,2011-03-29
300196.SZ,长海股份,2011-03-29
300197.SZ,铁汉生态,2011-03-29
300198.SZ,纳川股份,2011-04-07
300199.SZ,翰宇药业,2011-04-07
300200.SZ,高盟新材,2011-04-07
300201.SZ,海伦哲,2011-04-07
300202.SZ,聚龙股份,2011-04-15
300203.SZ,聚光科技,2011-04-15
300204.SZ,舒泰神,2011-04-15
300205.SZ,天喻信息,2011-04-21
300206.SZ,理邦仪器,2011-04-21
300207.SZ,欣旺达,2011-04-21
300208.SZ,恒顺众N,2011-04-26
300209.SZ,天泽信息,2011-04-26
300210.SZ,森远股份,2011-04-26
300211.SZ,亿通科技,2011-05-05
300212.SZ,易华录,2011-05-05
300213.SZ,佳讯飞鸿,2011-05-05
300214.SZ,日科化学,2011-05-11
300215.SZ,电科院,2011-05-11
300216.SZ,千山药机,2011-05-11
300217.SZ,东方电热,2011-05-18
300218.SZ,安利股份,2011-05-18
300219.SZ,鸿利光电,2011-05-18
300220.SZ,金运激光,2011-05-25
300221.SZ,银禧科技,2011-05-25
300222.SZ,科大智能,2011-05-25
300223.SZ,北京君正,2011-05-31
300224.SZ,正海磁材,2011-05-31
300225.SZ,金力泰,2011-05-31
300226.SZ,上海钢联,2011-06-08
300227.SZ,光韵达,2011-06-08
300228.SZ,富瑞特装,2011-06-08
300229.SZ,拓尔思,2011-06-15
300230.SZ,永利股份,2011-06-15
300231.SZ,银信科技,2011-06-15
300232.SZ,洲明科技,2011-06-22
300233.SZ,金城医药,2011-06-22
300234.SZ,开尔新材,2011-06-22
300235.SZ,方直科技,2011-06-29
300236.SZ,上海新阳,2011-06-29
300237.SZ,美晨科技,2011-06-29
300238.SZ,冠昊生物,2011-07-06
300239.SZ,东宝生物,2011-07-06
300240.SZ,飞力达,2011-07-06
300241.SZ,瑞丰光电,2011-07-12
300242.SZ,明家联合,2011-07-12
300243.SZ,瑞丰高材,2011-07-12
300244.SZ,迪安诊断,2011-07-19
300245.SZ,天玑科技,2011-07-19
300246.SZ,宝莱特,2011-07-19
300247.SZ,乐金健康,2011-07-29
300248.SZ,新开普,2011-07-29
300249.SZ,依米康,2011-08-03
300250.SZ,初灵信息,2011-08-03
300251.SZ,光线传媒,2011-08-03
300252.SZ,金信诺,2011-08-18
300253.SZ,卫宁健康,2011-08-18
300254.SZ,仟源医药,2011-08-19
300255.SZ,常山药业,2011-08-19
300256.SZ,星星科技,2011-08-19
300257.SZ,开山股份,2011-08-19
300258.SZ,精锻科技,2011-08-26
300259.SZ,新天科技,2011-08-31
300260.SZ,新莱应材,2011-09-06
300261.SZ,雅本化学,2011-09-06
300262.SZ,巴安水务,2011-09-16
300263.SZ,隆华节能,2011-09-16
300264.SZ,佳创视讯,2011-09-16
300265.SZ,通光线缆,2011-09-16
300266.SZ,兴源环境,2011-09-27
300267.SZ,尔康制药,2011-09-27
300268.SZ,万福生科,2011-09-27
300269.SZ,联建光电,2011-10-12
300270.SZ,中威电子,2011-10-12
300271.SZ,华宇软件,2011-10-26
300272.SZ,开能环保,2011-11-02
300273.SZ,和佳股份,2011-10-26
300274.SZ,阳光电源,2011-11-02
300275.SZ,梅安森,2011-11-02
300276.SZ,三丰智能,2011-11-15
300277.SZ,海联讯,2011-11-23
300278.SZ,华昌达,2011-12-16
300279.SZ,和晶科技,2011-12-29
300280.SZ,南通锻压,2011-12-29
300281.SZ,金明精机,2011-12-29
300282.SZ,汇冠股份,2011-12-29
300283.SZ,温州宏丰,2012-01-10
300284.SZ,苏交科,2012-01-10
300285.SZ,国瓷材料,2012-01-13
300286.SZ,安科瑞,2012-01-13
300287.SZ,飞利信,2012-02-01
300288.SZ,朗玛信息,2012-02-16
300289.SZ,利德曼,2012-02-16
300290.SZ,荣科科技,2012-02-16
300291.SZ,华录百纳,2012-02-09
300292.SZ,吴通控股,2012-02-29
300293.SZ,蓝英装备,2012-03-08
300294.SZ,博雅生物,2012-03-08
300295.SZ,三六五网,2012-03-15
300296.SZ,利亚德,2012-03-15
300297.SZ,蓝盾股份,2012-03-15
300298.SZ,三诺生物,2012-03-19
300299.SZ,富春通信,2012-03-19
300300.SZ,汉鼎股份,2012-03-19
300301.SZ,长方集团,2012-03-21
300302.SZ,同有科技,2012-03-21
300303.SZ,聚飞光电,2012-03-19
300304.SZ,云意电气,2012-03-21
300305.SZ,裕兴股份,2012-03-29
300306.SZ,远方光电,2012-03-29
300307.SZ,慈星股份,2012-03-29
300308.SZ,中际装备,2012-04-10
300309.SZ,吉艾科技,2012-04-10
300310.SZ,宜通世纪,2012-04-25
300311.SZ,任子行,2012-04-25
300312.SZ,邦讯技术,2012-05-08
300313.SZ,天山生物,2012-04-25
300314.SZ,戴维医疗,2012-05-08
300315.SZ,掌趣科技,2012-05-11
300316.SZ,晶盛机电,2012-05-11
300317.SZ,珈伟股份,2012-05-11
300318.SZ,博晖创新,2012-05-23
300319.SZ,麦捷科技,2012-05-23
300320.SZ,海达股份,2012-06-01
300321.SZ,同大股份,2012-05-23
300322.SZ,硕贝德,2012-06-08
300323.SZ,华灿光电,2012-06-01
300324.SZ,旋极信息,2012-06-08
300325.SZ,德威新材,2012-06-01
300326.SZ,凯利泰,2012-06-13
300327.SZ,中颖电子,2012-06-13
300328.SZ,宜安科技,2012-06-19
300329.SZ,海伦钢琴,2012-06-19
300330.SZ,华虹计通,2012-06-19
300331.SZ,苏大维格,2012-06-28
300332.SZ,天壕环境,2012-06-28
300333.SZ,兆日科技,2012-06-28
300334.SZ,津膜科技,2012-07-05
300335.SZ,迪森股份,2012-07-10
300336.SZ,新文化,2012-07-10
300337.SZ,银邦股份,2012-07-18
300338.SZ,开元仪器,2012-07-26
300339.SZ,润和软件,2012-07-18
300340.SZ,科恒股份,2012-07-26
300341.SZ,麦迪电气,2012-07-26
300342.SZ,天银机电,2012-07-26
300343.SZ,联创股份,2012-08-01
300344.SZ,太空板业,2012-08-01
300345.SZ,红宇新材,2012-08-01
300346.SZ,南大光电,2012-08-07
300347.SZ,泰格医药,2012-08-17
300348.SZ,长亮科技,2012-08-17
300349.SZ,金卡股份,2012-08-17
300350.SZ,华鹏飞,2012-08-21
300351.SZ,永贵电器,2012-09-20
300352.SZ,北信源,2012-09-12
300353.SZ,东土科技,2012-09-27
300354.SZ,东华测试,2012-09-20
300355.SZ,蒙草抗旱,2012-09-27
300356.SZ,光一科技,2012-10-09
300357.SZ,我武生物,2014-01-21
300358.SZ,楚天科技,2014-01-21
300359.SZ,全通教育,2014-01-21
300360.SZ,炬华科技,2014-01-21
300362.SZ,天翔环境,2014-01-21
300363.SZ,博腾股份,2014-01-29
300364.SZ,中文在线,2015-01-21
300365.SZ,恒华科技,2014-01-23
300366.SZ,创意信息,2014-01-27
300367.SZ,东方网力,2014-01-29
300368.SZ,汇金股份,2014-01-23
300369.SZ,绿盟科技,2014-01-29
300370.SZ,安控科技,2014-01-23
300371.SZ,汇中股份,2014-01-23
300372.SZ,欣泰电气,2014-01-27
300373.SZ,扬杰科技,2014-01-23
300374.SZ,恒通科技,2015-03-19
300375.SZ,鹏翎股份,2014-01-27
300376.SZ,易事特,2014-01-27
300377.SZ,赢时胜,2014-01-27
300378.SZ,鼎捷软件,2014-01-27
300379.SZ,东方通,2014-01-28
300380.SZ,安硕信息,2014-01-28
300381.SZ,溢多利,2014-01-28
300382.SZ,斯莱克,2014-01-29
300383.SZ,光环新网,2014-01-29
300384.SZ,三联虹普,2014-08-01
300385.SZ,雪浪环境,2014-06-26
300386.SZ,飞天诚信,2014-06-26
300387.SZ,富邦股份,2014-07-02
300388.SZ,国祯环保,2014-08-01
300389.SZ,艾比森,2014-08-01
300390.SZ,天华超净,2014-07-31
300391.SZ,康跃科技,2014-08-01
300392.SZ,腾信股份,2014-09-10
300393.SZ,中来股份,2014-09-12
300394.SZ,天孚通信,2015-02-17
300395.SZ,菲利华,2014-09-10
300396.SZ,迪瑞医疗,2014-09-10
300397.SZ,天和防务,2014-09-10
300398.SZ,飞凯材料,2014-10-09
300399.SZ,京天利,2014-10-09
300400.SZ,劲拓股份,2014-10-10
300401.SZ,花园生物,2014-10-09
300402.SZ,宝色股份,2014-10-10
300403.SZ,地尔汉宇,2014-10-30
300404.SZ,博济医药,2015-04-24
300405.SZ,科隆精化,2014-10-30
300406.SZ,九强生物,2014-10-30
300407.SZ,凯发电气,2014-12-03
300408.SZ,三环集团,2014-12-03
300409.SZ,道氏技术,2014-12-03
300410.SZ,正业科技,2014-12-31
300411.SZ,金盾股份,2014-12-31
300412.SZ,迦南科技,2014-12-31
300413.SZ,快乐购,2015-01-21
300414.SZ,中光防雷,2015-05-13
300415.SZ,伊之密,2015-01-23
300416.SZ,苏试试验,2015-01-22
300417.SZ,南华仪器,2015-01-23
300418.SZ,昆仑万维,2015-01-21
300419.SZ,浩丰科技,2015-01-22
300420.SZ,五洋科技,2015-02-17
300421.SZ,力星股份,2015-02-17
300422.SZ,博世科,2015-02-17
300423.SZ,鲁亿通,2015-02-17
300424.SZ,航新科技,2015-04-22
300425.SZ,环能科技,2015-02-16
300426.SZ,唐德影视,2015-02-17
300427.SZ,红相电力,2015-02-17
300428.SZ,四通新材,2015-03-19
300429.SZ,强力新材,2015-03-24
300430.SZ,诚益通,2015-03-19
300431.SZ,暴风科技,2015-03-24
300432.SZ,富临精工,2015-03-19
300433.SZ,蓝思科技,2015-03-18
300434.SZ,金石东方,2015-04-24
300435.SZ,中泰股份,2015-03-26
300436.SZ,广生堂,2015-04-22
300437.SZ,清水源,2015-04-23
300438.SZ,鹏辉能源,2015-04-24
300439.SZ,美康生物,2015-04-22
300440.SZ,运达科技,2015-04-23
300441.SZ,鲍斯股份,2015-04-23
300442.SZ,普丽盛,2015-04-24
300443.SZ,金雷风电,2015-04-22
300444.SZ,双杰电气,2015-04-23
300445.SZ,康斯特,2015-04-24
300446.SZ,乐凯新材,2015-04-23
300447.SZ,全信股份,2015-04-22
300448.SZ,浩云科技,2015-04-24
300449.SZ,汉邦高科,2015-04-22
300450.SZ,先导智能,2015-05-18
300451.SZ,创业软件,2015-05-14
300452.SZ,山河药辅,2015-05-15
300453.SZ,三鑫医疗,2015-05-15
300455.SZ,康拓红外,2015-05-15
300456.SZ,耐威科技,2015-05-14
300457.SZ,赢合科技,2015-05-14
300458.SZ,全志科技,2015-05-15
300459.SZ,浙江金科,2015-05-15
300460.SZ,惠伦晶体,2015-05-15
300461.SZ,田中精机,2015-05-19
300462.SZ,华铭智能,2015-05-27
300463.SZ,迈克生物,2015-05-28
300464.SZ,星徽精密,2015-06-10
300465.SZ,高伟达,2015-05-28
300466.SZ,赛摩电气,2015-05-28
300467.SZ,迅游科技,2015-05-27
300468.SZ,四方精创,2015-05-27
300469.SZ,信息发展,2015-06-11
300470.SZ,日机密封,2015-06-12
300471.SZ,厚普股份,2015-06-11
300472.SZ,新元科技,2015-06-11
300473.SZ,德尔股份,2015-06-12
300474.SZ,景嘉微,2016-03-31
300475.SZ,聚隆科技,2015-06-10
300476.SZ,胜宏科技,2015-06-11
300477.SZ,合纵科技,2015-06-10
300478.SZ,杭州高新,2015-06-10
300479.SZ,神思电子,2015-06-12
300480.SZ,光力科技,2015-07-02
300481.SZ,濮阳惠成,2015-06-30
300482.SZ,万孚生物,2015-06-30
300483.SZ,沃施股份,2015-06-30
300484.SZ,蓝海华腾,2016-03-22
300485.SZ,赛升药业,2015-06-26
300486.SZ,东杰智能,2015-06-30
300487.SZ,蓝晓科技,2015-07-02
300488.SZ,恒锋工具,2015-07-01
300489.SZ,中飞股份,2015-07-01
300490.SZ,华自科技,2015-12-31
300491.SZ,通合科技,2015-12-31
300492.SZ,山鼎设计,2015-12-23
300493.SZ,润欣科技,2015-12-10
300494.SZ,盛天网络,2015-12-31
300495.SZ,美尚生态,2015-12-22
300496.SZ,中科创达,2015-12-10
300497.SZ,富祥股份,2015-12-22
300498.SZ,温氏股份,2015-11-02
300499.SZ,高澜股份,2016-02-02
300500.SZ,苏州设计,2016-02-04
300501.SZ,海顺新材,2016-02-04
300502.SZ,新易盛,2016-03-03
300503.SZ,昊志机电,2016-03-09
300505.SZ,川金诺,2016-03-15
300506.SZ,名家汇,2016-03-24
300507.SZ,苏奥传感,2016-04-29
300508.SZ,维宏股份,2016-04-19
300509.SZ,新美星,2016-04-25
300510.SZ,金冠电气,2016-05-06
300511.SZ,雪榕生物,2016-05-04
600000.SH,浦发银行,1999-11-10
600004.SH,白云机场,2003-04-28
600005.SH,武钢股份,1999-08-03
600006.SH,东风汽车,1999-07-27
600007.SH,中国国贸,1999-03-12
600008.SH,首创股份,2000-04-27
600009.SH,上海机场,1998-02-18
600010.SH,包钢股份,2001-03-09
600011.SH,华能国际,2001-12-06
600012.SH,皖通高速,2003-01-07
600015.SH,华夏银行,2003-09-12
600016.SH,民生银行,2000-12-19
600017.SH,日照港,2006-10-17
600018.SH,上港集团,2006-10-26
600019.SH,宝钢股份,2000-12-12
600020.SH,中原高速,2003-08-08
600021.SH,上海电力,2003-10-29
600022.SH,山东钢铁,2004-06-29
600023.SH,浙能电力,2013-12-19
600026.SH,中海发展,2002-05-23
600027.SH,华电国际,2005-02-03
600028.SH,中国石化,2001-08-08
600029.SH,南方航空,2003-07-25
600030.SH,中信证券,2003-01-06
600031.SH,三一重工,2003-07-03
600033.SH,福建高速,2001-02-09
600035.SH,楚天高速,2004-03-10
600036.SH,招商银行,2002-04-09
600037.SH,歌华有线,2001-02-08
600038.SH,中直股份,2000-12-18
600039.SH,四川路桥,2003-03-25
600048.SH,保利地产,2006-07-31
600050.SH,中国联通,2002-10-09
600051.SH,宁波联合,1997-04-10
600052.SH,浙江广厦,1997-04-15
600053.SH,九鼎投资,1997-04-18
600054.SH,黄山旅游,1997-05-06
600055.SH,华润万东,1997-05-19
600056.SH,中国医药,1997-05-15
600057.SH,象屿股份,1997-06-04
600058.SH,五矿发展,1997-05-28
600059.SH,古越龙山,1997-05-16
600060.SH,海信电器,1997-04-22
600061.SH,国投安信,1997-05-19
600062.SH,华润双鹤,1997-05-22
600063.SH,皖维高新,1997-05-28
600064.SH,南京高科,1997-05-06
600066.SH,宇通客车,1997-05-08
600067.SH,冠城大通,1997-05-08
600068.SH,葛洲坝,1997-05-26
600069.SH,银鸽投资,1997-04-30
600070.SH,浙江富润,1997-06-04
600071.SH,凤凰光学,1997-05-28
600072.SH,钢构工程,1997-06-03
600073.SH,上海梅林,1997-07-04
600074.SH,保千里,1997-06-23
600075.SH,新疆天业,1997-06-17
600076.SH,康欣新材,1997-05-26
600077.SH,宋都股份,1997-05-20
600078.SH,澄星股份,1997-06-27
600079.SH,人福医药,1997-06-06
600080.SH,金花股份,1997-06-12
600081.SH,东风科技,1997-07-03
600082.SH,海泰发展,1997-06-20
600083.SH,博信股份,1997-06-06
600084.SH,中葡股份,1997-07-11
600085.SH,同仁堂,1997-06-25
600086.SH,东方金钰,1997-06-06
600088.SH,中视传媒,1997-06-16
600089.SH,特变电工,1997-06-18
600090.SH,啤酒花,1997-06-16
600091.SH,ST明科,1997-07-04
600093.SH,禾嘉股份,1997-06-26
600094.SH,大名城,1997-07-03
600095.SH,哈高科,1997-07-08
600096.SH,云天化,1997-07-09
600097.SH,开创国际,1997-06-19
600098.SH,广州发展,1997-07-18
600099.SH,林海股份,1997-07-04
600100.SH,同方股份,1997-06-27
600101.SH,明星电力,1997-06-27
600103.SH,青山纸业,1997-07-03
600104.SH,上汽集团,1997-11-25
600105.SH,永鼎股份,1997-09-29
600106.SH,重庆路桥,1997-06-18
600107.SH,美尔雅,1997-11-06
600108.SH,亚盛集团,1997-08-18
600109.SH,国金证券,1997-08-07
600110.SH,诺德股份,1997-10-07
600111.SH,北方稀土,1997-09-24
600112.SH,天成控股,1997-11-27
600113.SH,浙江东日,1997-10-21
600114.SH,东睦股份,2004-05-11
600115.SH,东方航空,1997-11-05
600116.SH,三峡水利,1997-08-04
600117.SH,西宁特钢,1997-10-15
600118.SH,中国卫星,1997-09-08
600119.SH,长江投资,1998-01-15
600120.SH,浙江东方,1997-12-01
600121.SH,郑州煤电,1998-01-07
600122.SH,宏图高科,1998-04-20
600123.SH,兰花科创,1998-12-17
600125.SH,铁龙物流,1998-05-11
600126.SH,杭钢股份,1998-03-11
600127.SH,金健米业,1998-05-06
600128.SH,弘业股份,1997-09-01
600129.SH,太极集团,1997-11-18
600130.SH,波导股份,2000-07-06
600131.SH,岷江水电,1998-04-02
600132.SH,重庆啤酒,1997-10-30
600133.SH,东湖高新,1998-02-12
600135.SH,乐凯胶片,1998-01-22
600136.SH,道博股份,1998-03-03
600137.SH,浪莎股份,1998-04-16
600138.SH,中青旅,1997-12-03
600139.SH,西部资源,1998-02-25
600141.SH,兴发集团,1999-06-16
600143.SH,金发科技,2004-06-23
600145.SH,*ST新亿,1999-09-23
600146.SH,商赢环球,1999-07-07
600148.SH,长春一东,1998-05-20
600149.SH,廊坊发展,1999-10-14
600150.SH,中国船舶,1998-05-20
600151.SH,航天机电,1998-06-05
600152.SH,维科精华,1998-06-09
600153.SH,建发股份,1998-06-16
600155.SH,宝硕股份,1998-09-18
600156.SH,华升股份,1998-05-27
600157.SH,永泰能源,1998-05-13
600158.SH,中体产业,1998-03-27
600159.SH,大龙地产,1998-05-26
600160.SH,巨化股份,1998-06-26
600161.SH,天坛生物,1998-06-16
600162.SH,香江控股,1998-06-09
600163.SH,中闽能源,1998-06-02
600165.SH,新日恒力,1998-05-29
600166.SH,福田汽车,1998-06-02
600167.SH,联美控股,1999-01-28
600168.SH,武汉控股,1998-04-27
600169.SH,太原重工,1998-09-04
600170.SH,上海建工,1998-06-23
600171.SH,上海贝岭,1998-09-24
600172.SH,黄河旋风,1998-11-26
600173.SH,卧龙地产,1999-04-15
600175.SH,美都能源,1999-04-08
600176.SH,中国巨石,1999-04-22
600177.SH,雅戈尔,1998-11-19
600178.SH,东安动力,1998-10-14
600179.SH,*ST黑化,1998-11-04
600180.SH,瑞茂通,1998-07-03
600182.SH,S佳通,1999-05-07
600183.SH,生益科技,1998-10-28
600184.SH,光电股份,2003-11-06
600185.SH,格力地产,1999-06-11
600186.SH,莲花健康,1998-08-25
600187.SH,国中水务,1998-11-11
600188.SH,兖州煤业,1998-07-01
600189.SH,吉林森工,1998-10-07
600190.SH,锦州港,1999-06-09
600191.SH,华资实业,1998-12-10
600192.SH,长城电工,1998-12-24
600193.SH,创兴资源,1999-05-27
600195.SH,中牧股份,1999-01-07
600196.SH,复星医药,1998-08-07
600197.SH,伊力特,1999-09-16
600198.SH,大唐电信,1998-10-21
600199.SH,金种子酒,1998-08-12
600200.SH,江苏吴中,1999-04-01
600201.SH,生物股份,1999-01-15
600202.SH,哈空调,1999-06-03
600203.SH,福日电子,1999-05-14
600206.SH,有研新材,1999-03-19
600207.SH,安彩高科,1999-07-14
600208.SH,新湖中宝,1999-06-23
600209.SH,罗顿发展,1999-03-25
600210.SH,紫江企业,1999-08-24
600211.SH,西藏药业,1999-07-21
600212.SH,*ST江泉,1999-08-17
600213.SH,亚星客车,1999-08-31
600215.SH,长春经开,1999-09-09
600216.SH,浙江医药,1999-10-21
600217.SH,秦岭水泥,1999-12-16
600218.SH,全柴动力,1998-12-03
600219.SH,南山铝业,1999-12-23
600220.SH,江苏阳光,1999-09-27
600221.SH,海南航空,1999-11-25
600222.SH,太龙药业,1999-11-05
600223.SH,鲁商置业,2000-01-13
600225.SH,天津松江,2000-01-27
600226.SH,升华拜克,1999-11-16
600227.SH,赤天化,2000-02-21
600228.SH,昌九生化,1999-01-19
600229.SH,城市传媒,2000-03-09
600230.SH,*ST沧大,2000-04-06
600231.SH,凌钢股份,2000-05-11
600232.SH,金鹰股份,2000-06-02
600233.SH,大杨创世,2000-06-08
600234.SH,*ST山水,2000-06-15
600235.SH,民丰特纸,2000-06-15
600236.SH,桂冠电力,2000-03-23
600237.SH,铜峰电子,2000-06-09
600238.SH,海南椰岛,2000-01-20
600239.SH,云南城投,1999-12-02
600240.SH,华业资本,2000-06-28
600241.SH,时代万恒,2000-11-28
600242.SH,中昌海运,2000-12-07
600243.SH,青海华鼎,2000-11-20
600246.SH,万通地产,2000-09-22
600247.SH,ST成城,2000-11-23
600248.SH,延长化建,2000-06-22
600249.SH,两面针,2004-01-30
600250.SH,南纺股份,2001-03-06
600251.SH,冠农股份,2003-06-09
600252.SH,中恒集团,2000-11-30
600255.SH,鑫科材料,2000-11-22
600256.SH,广汇能源,2000-05-26
600257.SH,大湖股份,2000-06-12
600258.SH,首旅酒店,2000-06-01
600259.SH,广晟有色,2000-05-25
600260.SH,凯乐科技,2000-07-06
600261.SH,阳光照明,2000-07-20
600262.SH,北方股份,2000-06-30
600265.SH,*ST景谷,2000-08-25
600266.SH,北京城建,1999-02-03
600267.SH,海正药业,2000-07-25
600268.SH,国电南自,1999-11-18
600269.SH,赣粤高速,2000-05-18
600270.SH,外运发展,2000-12-28
600271.SH,航天信息,2003-07-11
600272.SH,开开实业,2001-02-28
600273.SH,嘉化能源,2003-06-27
600275.SH,武昌鱼,2000-08-10
600276.SH,恒瑞医药,2000-10-18
600277.SH,亿利洁能,2000-07-25
600278.SH,东方创业,2000-07-12
600279.SH,重庆港九,2000-07-31
600280.SH,中央商场,2000-09-26
600281.SH,太化股份,2000-11-09
600282.SH,南钢股份,2000-09-19
600283.SH,钱江水利,2000-10-18
600284.SH,浦东建设,2004-03-16
600285.SH,羚锐制药,2000-10-18
600287.SH,江苏舜天,2000-09-01
600288.SH,大恒科技,2000-11-29
600289.SH,亿阳信通,2000-07-20
600290.SH,华仪电气,2000-11-06
600291.SH,西水股份,2000-07-31
600292.SH,中电远达,2000-11-01
600293.SH,三峡新材,2000-09-19
600295.SH,鄂尔多斯,2001-04-26
600297.SH,广汇汽车,2000-11-16
600298.SH,安琪酵母,2000-08-18
600299.SH,安迪苏,2000-04-20
600300.SH,维维股份,2000-06-30
600301.SH,*ST南化,2000-07-12
600302.SH,标准股份,2000-12-13
600303.SH,曙光股份,2000-12-26
600305.SH,恒顺醋业,2001-02-06
600306.SH,*ST商城,2000-12-26
600307.SH,酒钢宏兴,2000-12-20
600308.SH,华泰股份,2000-09-28
600309.SH,万华化学,2001-01-05
600310.SH,桂东电力,2001-02-28
600311.SH,荣华实业,2001-06-26
600312.SH,平高电气,2001-02-21
600313.SH,农发种业,2001-01-19
600315.SH,上海家化,2001-03-15
600316.SH,洪都航空,2000-12-15
600317.SH,营口港,2002-01-31
600318.SH,新力金融,2000-12-08
600319.SH,*ST亚星,2001-03-26
600320.SH,振华重工,2000-12-21
600321.SH,国栋建设,2001-05-24
600322.SH,天房发展,2001-09-10
600323.SH,瀚蓝环境,2000-12-25
600325.SH,华发股份,2004-02-25
600326.SH,西藏天路,2001-01-16
600327.SH,大东方,2002-06-25
600328.SH,兰太实业,2000-12-22
600329.SH,中新药业,2001-06-06
600330.SH,天通股份,2001-01-18
600331.SH,宏达股份,2001-12-20
600332.SH,白云山,2001-02-06
600333.SH,长春燃气,2000-12-11
600335.SH,国机汽车,2001-03-05
600336.SH,澳柯玛,2000-12-29
600337.SH,美克家居,2000-11-27
600338.SH,西藏珠峰,2000-12-27
600339.SH,*ST天利,2000-12-25
600340.SH,华夏幸福,2003-12-30
600343.SH,航天动力,2003-04-08
600345.SH,长江通信,2000-12-22
600346.SH,*ST橡塑,2001-08-20
600348.SH,阳泉煤业,2003-08-21
600350.SH,山东高速,2002-03-18
600351.SH,亚宝药业,2002-09-26
600352.SH,浙江龙盛,2003-08-01
600353.SH,旭光股份,2002-11-20
600354.SH,敦煌种业,2004-01-15
600355.SH,精伦电子,2002-06-13
600356.SH,恒丰纸业,2001-04-19
600358.SH,国旅联合,2000-09-22
600359.SH,新农开发,1999-04-29
600360.SH,华微电子,2001-03-16
600361.SH,华联综超,2001-11-29
600362.SH,江西铜业,2002-01-11
600363.SH,联创光电,2001-03-29
600365.SH,通葡股份,2001-01-15
600366.SH,宁波韵升,2000-10-30
600367.SH,红星发展,2001-03-20
600368.SH,五洲交通,2000-12-21
600369.SH,西南证券,2001-01-09
600370.SH,三房巷,2003-03-06
600371.SH,万向德农,2002-09-16
600372.SH,中航电子,2001-07-06
600373.SH,中文传媒,2002-03-04
600375.SH,*ST星马,2003-04-01
600376.SH,首开股份,2001-03-12
600377.SH,宁沪高速,2001-01-16
600378.SH,天科股份,2001-01-11
600379.SH,宝光股份,2002-01-16
600380.SH,健康元,2001-06-08
600381.SH,青海春天,2001-05-08
600382.SH,广东明珠,2001-01-18
600383.SH,金地集团,2001-04-12
600385.SH,山东金泰,2001-07-23
600386.SH,北巴传媒,2001-02-16
600387.SH,海越股份,2004-02-18
600388.SH,龙净环保,2000-12-29
600389.SH,江山股份,2001-01-10
600390.SH,*ST金瑞,2001-01-15
600391.SH,成发科技,2001-12-12
600392.SH,盛和资源,2003-05-29
600393.SH,东华实业,2001-03-19
600395.SH,盘江股份,2001-05-31
600396.SH,金山股份,2001-03-28
600397.SH,安源煤业,2002-07-02
600398.SH,海澜之家,2000-12-28
600399.SH,抚顺特钢,2000-12-29
600400.SH,红豆股份,2001-01-08
600401.SH,海润光伏,2003-09-24
600403.SH,大有能源,2003-10-09
600405.SH,动力源,2004-04-01
600406.SH,国电南瑞,2003-10-16
600408.SH,安泰集团,2003-02-12
600409.SH,三友化工,2003-06-18
600410.SH,华胜天成,2004-04-27
600415.SH,小商品城,2002-05-09
600416.SH,湘电股份,2002-07-18
600418.SH,江淮汽车,2001-08-24
600419.SH,天润乳业,2001-06-28
600420.SH,现代制药,2004-06-16
600421.SH,仰帆控股,2004-06-07
600422.SH,昆药集团,2000-12-06
600423.SH,柳化股份,2003-07-17
600425.SH,青松建化,2003-07-24
600426.SH,华鲁恒升,2002-06-20
600428.SH,中远航运,2002-04-18
600429.SH,三元股份,2003-09-15
600432.SH,*ST吉恩,2003-09-05
600433.SH,冠豪高新,2003-06-19
600435.SH,北方导航,2003-07-04
600436.SH,片仔癀,2003-06-16
600438.SH,通威股份,2004-03-02
600439.SH,瑞贝卡,2003-07-10
600444.SH,国机通用,2004-02-19
600446.SH,金证股份,2003-12-24
600448.SH,华纺股份,2001-09-03
600449.SH,宁夏建材,2003-08-29
600452.SH,涪陵电力,2004-03-03
600455.SH,博通股份,2004-03-29
600456.SH,宝钛股份,2002-04-12
600458.SH,时代新材,2002-12-19
600459.SH,贵研铂业,2003-05-16
600460.SH,士兰微,2003-03-11
600461.SH,洪城水业,2004-06-01
600462.SH,石岘纸业,2003-09-03
600463.SH,空港股份,2004-03-18
600466.SH,蓝光发展,2001-02-12
600467.SH,好当家,2004-04-05
600468.SH,百利电气,2001-06-15
600469.SH,风神股份,2003-10-21
600470.SH,六国化工,2004-03-05
600475.SH,华光股份,2003-07-21
600476.SH,湘邮科技,2003-12-10
600477.SH,杭萧钢构,2003-11-10
600478.SH,科力远,2003-09-18
600479.SH,千金药业,2004-03-12
600480.SH,凌云股份,2003-08-15
600481.SH,双良节能,2003-04-22
600482.SH,中国动力,2004-07-14
600483.SH,福能股份,2004-05-31
600485.SH,信威集团,2003-08-07
600486.SH,扬农化工,2002-04-25
600487.SH,亨通光电,2003-08-22
600488.SH,天药股份,2001-06-18
600489.SH,中金黄金,2003-08-14
600490.SH,鹏欣资源,2003-06-26
600491.SH,龙元建设,2004-05-24
600493.SH,凤竹纺织,2004-04-21
600495.SH,晋西车轴,2004-05-26
600496.SH,精工钢构,2002-06-05
600497.SH,驰宏锌锗,2004-04-20
600498.SH,烽火通信,2001-08-23
600499.SH,科达洁能,2002-10-10
600500.SH,中化国际,2000-03-01
600501.SH,航天晨光,2001-06-15
600502.SH,安徽水利,2003-04-15
600503.SH,华丽家族,2002-07-09
600505.SH,西昌电力,2002-05-30
600506.SH,香梨股份,2001-12-26
600507.SH,方大特钢,2003-09-30
600508.SH,上海能源,2001-08-29
600509.SH,天富能源,2002-02-28
600510.SH,黑牡丹,2002-06-18
600511.SH,国药股份,2002-11-27
600512.SH,腾达建设,2002-12-26
600513.SH,联环药业,2003-03-19
600515.SH,海航基础,2002-08-06
600516.SH,方大炭素,2002-08-30
600517.SH,置信电气,2003-10-10
600518.SH,康美药业,2001-03-19
600519.SH,贵州茅台,2001-08-27
600520.SH,*ST中发,2002-01-08
600521.SH,华海药业,2003-03-04
600522.SH,中天科技,2002-10-24
600523.SH,贵航股份,2001-12-27
600525.SH,长园集团,2002-12-02
600526.SH,菲达环保,2002-07-22
600527.SH,江南高纤,2003-11-27
600528.SH,中铁二局,2001-05-28
600529.SH,山东药玻,2002-06-03
600530.SH,交大昂立,2001-07-02
600531.SH,豫光金铅,2002-07-30
600532.SH,宏达矿业,2002-10-31
600533.SH,栖霞建设,2002-03-28
600535.SH,天士力,2002-08-23
600536.SH,中国软件,2002-05-17
600537.SH,亿晶光电,2003-01-23
600538.SH,国发股份,2003-01-14
600539.SH,狮头股份,2001-08-24
600540.SH,新赛股份,2004-01-07
600543.SH,莫高股份,2004-03-24
600545.SH,新疆城建,2003-12-03
600546.SH,*ST山煤,2003-07-31
600547.SH,山东黄金,2003-08-28
600548.SH,深高速,2001-12-25
600549.SH,厦门钨业,2002-11-07
600550.SH,保变电气,2001-02-28
600551.SH,时代出版,2002-09-05
600552.SH,凯盛科技,2002-11-08
600555.SH,海航创新,2001-03-28
600556.SH,慧球科技,2001-08-07
600557.SH,康缘药业,2002-09-18
600558.SH,大西洋,2001-02-27
600559.SH,老白干酒,2002-10-29
600560.SH,金自天正,2002-09-19
600561.SH,江西长运,2002-07-16
600562.SH,国睿科技,2003-01-28
600563.SH,法拉电子,2002-12-10
600565.SH,迪马股份,2002-07-23
600566.SH,济川药业,2001-08-22
600567.SH,山鹰纸业,2001-12-18
600568.SH,中珠控股,2001-05-18
600569.SH,安阳钢铁,2001-08-20
600570.SH,恒生电子,2003-12-16
600571.SH,信雅达,2002-11-01
600572.SH,康恩贝,2004-04-12
600573.SH,惠泉啤酒,2003-02-26
600575.SH,皖江物流,2003-03-28
600576.SH,万家文化,2003-02-20
600577.SH,精达股份,2002-09-11
600578.SH,京能电力,2002-05-10
600579.SH,天华院,2002-08-09
600580.SH,卧龙电气,2002-06-06
600581.SH,*ST八钢,2002-08-16
600582.SH,天地科技,2002-05-15
600583.SH,海油工程,2002-02-05
600584.SH,长电科技,2003-06-03
600585.SH,海螺水泥,2002-02-07
600586.SH,金晶科技,2002-08-15
600587.SH,新华医疗,2002-09-27
600588.SH,用友网络,2001-05-18
600589.SH,广东榕泰,2001-06-12
600590.SH,泰豪科技,2002-07-03
600592.SH,龙溪股份,2002-08-05
600593.SH,大连圣亚,2002-07-11
600594.SH,益佰制药,2004-03-23
600595.SH,中孚实业,2002-06-26
600596.SH,新安股份,2001-09-06
600597.SH,光明乳业,2002-08-28
600598.SH,北大荒,2002-03-29
600599.SH,熊猫金控,2001-08-28
600600.SH,青岛啤酒,1993-08-27
600601.SH,方正科技,1990-12-19
600602.SH,仪电电子,1990-12-19
600603.SH,*ST兴业,1992-01-13
600604.SH,市北高新,1992-03-27
600605.SH,汇通能源,1992-03-27
600606.SH,绿地控股,1992-03-27
600608.SH,ST沪科,1992-03-27
600609.SH,金杯汽车,1992-07-24
600610.SH,中毅达,1992-08-05
600611.SH,大众交通,1992-08-07
600612.SH,老凤祥,1992-08-14
600613.SH,神奇制药,1992-08-20
600614.SH,鼎立股份,1992-08-28
600615.SH,丰华股份,1992-09-10
600616.SH,金枫酒业,1992-09-29
600617.SH,国新能源,1992-10-13
600618.SH,氯碱化工,1992-11-13
600619.SH,海立股份,1992-11-16
600620.SH,天宸股份,1992-11-17
600621.SH,华鑫股份,1992-12-02
600622.SH,嘉宝集团,1992-12-03
600623.SH,双钱股份,1992-12-04
600624.SH,复旦复华,1993-01-05
600626.SH,申达股份,1993-01-07
600628.SH,新世界,1993-01-19
600629.SH,华建集团,1993-02-09
600630.SH,龙头股份,1993-02-09
600633.SH,浙报传媒,1993-03-04
600634.SH,中技控股,1993-03-04
600635.SH,大众公用,1993-03-04
600636.SH,三爱富,1993-03-16
600637.SH,东方明珠,1993-03-16
600638.SH,新黄浦,1993-03-26
600639.SH,浦东金桥,1993-03-26
600640.SH,号百控股,1993-04-07
600641.SH,万业企业,1993-04-07
600642.SH,申能股份,1993-04-16
600643.SH,爱建集团,1993-04-26
600644.SH,乐山电力,1993-04-26
600645.SH,中源协和,1993-05-04
600647.SH,同达创业,1993-05-04
600648.SH,外高桥,1993-05-04
600649.SH,城投控股,1993-05-18
600650.SH,锦江投资,1993-06-07
600651.SH,飞乐音响,1990-12-19
600652.SH,游久游戏,1990-12-19
600653.SH,申华控股,1990-12-19
600654.SH,中安消,1990-12-19
600655.SH,豫园商城,1992-09-02
600656.SH,退市博元,1990-12-19
600657.SH,信达地产,1993-05-24
600658.SH,电子城,1993-05-24
600660.SH,福耀玻璃,1993-06-10
600661.SH,新南洋,1993-06-14
600662.SH,强生控股,1993-06-14
600663.SH,陆家嘴,1993-06-28
600664.SH,哈药股份,1993-06-29
600665.SH,天地源,1993-07-09
600666.SH,奥瑞德,1993-07-12
600667.SH,太极实业,1993-07-28
600668.SH,尖峰集团,1993-07-28
600671.SH,天目药业,1993-08-23
600673.SH,东阳光科,1993-09-17
600674.SH,川投能源,1993-09-24
600675.SH,*ST中企,1993-09-24
600676.SH,交运股份,1993-09-28
600677.SH,航天通信,1993-09-28
600678.SH,四川金顶,1993-10-08
600679.SH,上海凤凰,1993-10-08
600680.SH,上海普天,1993-10-18
600681.SH,百川能源,1993-10-18
600682.SH,南京新百,1993-10-18
600683.SH,京投银泰,1993-10-25
600684.SH,珠江实业,1993-10-28
600685.SH,中船防务,1993-10-28
600686.SH,金龙汽车,1993-11-08
600687.SH,刚泰控股,1993-11-08
600688.SH,上海石化,1993-11-08
600689.SH,上海三毛,1993-11-08
600690.SH,青岛海尔,1993-11-19
600691.SH,阳煤化工,1993-11-19
600692.SH,亚通股份,1993-11-19
600693.SH,东百集团,1993-11-22
600694.SH,大商股份,1993-11-22
600695.SH,绿庭投资,1993-11-22
600696.SH,匹凸匹,1993-12-06
600697.SH,欧亚集团,1993-12-06
600698.SH,湖南天雁,1993-12-06
600699.SH,均胜电子,1993-12-06
600701.SH,*ST工新,1996-05-28
600702.SH,沱牌舍得,1996-05-24
600703.SH,三安光电,1996-05-28
600704.SH,物产中大,1996-06-06
600705.SH,中航资本,1996-05-16
600706.SH,曲江文旅,1996-05-16
600707.SH,彩虹股份,1996-05-20
600708.SH,光明地产,1996-06-06
600710.SH,*ST常林,1996-07-01
600711.SH,盛屯矿业,1996-05-31
600712.SH,南宁百货,1996-06-26
600713.SH,南京医药,1996-07-01
600714.SH,金瑞矿业,1996-06-06
600715.SH,文投控股,1996-07-01
600716.SH,凤凰股份,1996-07-02
600717.SH,天津港,1996-06-14
600718.SH,东软集团,1996-06-18
600719.SH,大连热电,1996-07-16
600720.SH,祁连山,1996-07-16
600721.SH,*ST百花,1996-06-26
600722.SH,金牛化工,1996-06-26
600723.SH,首商股份,1996-07-16
600724.SH,宁波富达,1996-07-16
600725.SH,*ST云维,1996-07-02
600726.SH,华电能源,1996-07-01
600727.SH,鲁北化工,1996-07-02
600728.SH,佳都科技,1996-07-16
600729.SH,重庆百货,1996-07-02
600730.SH,中国高科,1996-07-26
600731.SH,湖南海利,1996-08-02
600732.SH,*ST新梅,1996-08-16
600733.SH,S前锋,1996-08-16
600734.SH,实达集团,1996-08-08
600735.SH,新华锦,1996-07-26
600736.SH,苏州高新,1996-08-15
600737.SH,中粮屯河,1996-07-31
600738.SH,兰州民百,1996-08-02
600739.SH,辽宁成大,1996-08-19
600740.SH,山西焦化,1996-08-08
600741.SH,华域汽车,1996-08-26
600742.SH,一汽富维,1996-08-26
600743.SH,华远地产,1996-09-09
600744.SH,华银电力,1996-09-05
600745.SH,中茵股份,1996-08-28
600746.SH,江苏索普,1996-09-18
600747.SH,大连控股,1996-09-16
600748.SH,上实发展,1996-09-25
600749.SH,西藏旅游,1996-10-15
600750.SH,江中药业,1996-09-23
600751.SH,天海投资,1996-09-09
600753.SH,东方银星,1996-09-27
600754.SH,锦江股份,1996-10-11
600755.SH,厦门国贸,1996-10-03
600756.SH,浪潮软件,1996-09-23
600757.SH,长江传媒,1996-10-03
600758.SH,红阳能源,1996-10-29
600759.SH,洲际油气,1996-10-08
600760.SH,*ST黑豹,1996-10-11
600761.SH,安徽合力,1996-10-09
600763.SH,通策医疗,1996-10-30
600764.SH,中电广通,1996-11-04
600765.SH,中航重机,1996-11-06
600766.SH,园城黄金,1996-10-28
600767.SH,运盛医疗,1996-11-15
600768.SH,宁波富邦,1996-11-11
600769.SH,祥龙电业,1996-11-01
600770.SH,综艺股份,1996-11-20
600771.SH,广誉远,1996-11-05
600773.SH,西藏城投,1996-11-08
600774.SH,汉商集团,1996-11-08
600775.SH,南京熊猫,1996-11-18
600776.SH,东方通信,1996-11-26
600777.SH,新潮实业,1996-11-21
600778.SH,友好集团,1996-12-03
600779.SH,水井坊,1996-12-06
600780.SH,通宝能源,1996-12-05
600781.SH,辅仁药业,1996-12-18
600782.SH,新钢股份,1996-12-25
600783.SH,鲁信创投,1996-12-25
600784.SH,鲁银投资,1996-12-25
600785.SH,新华百货,1997-01-08
600787.SH,中储股份,1997-01-21
600789.SH,鲁抗医药,1997-02-26
600790.SH,轻纺城,1997-02-28
600791.SH,京能置业,1997-01-30
600792.SH,云煤能源,1997-01-23
600793.SH,ST宜纸,1997-02-20
600794.SH,保税科技,1997-03-06
600795.SH,国电电力,1997-03-18
600796.SH,钱江生化,1997-04-08
600797.SH,浙大网新,1997-04-18
600798.SH,宁波海运,1997-04-23
600800.SH,天津磁卡,1993-12-06
600801.SH,华新水泥,1994-01-03
600802.SH,福建水泥,1994-01-03
600803.SH,新奥股份,1994-01-03
600804.SH,鹏博士,1994-01-03
600805.SH,悦达投资,1994-01-03
600806.SH,*ST昆机,1994-01-03
600807.SH,天业股份,1994-01-03
600808.SH,马钢股份,1994-01-06
600809.SH,山西汾酒,1994-01-06
600810.SH,神马股份,1994-01-06
600811.SH,东方集团,1994-01-06
600812.SH,华北制药,1994-01-14
600814.SH,杭州解百,1994-01-14
600815.SH,厦工股份,1994-01-28
600816.SH,安信信托,1994-01-28
600817.SH,*ST宏盛,1994-01-28
600818.SH,中路股份,1994-01-28
600819.SH,耀皮玻璃,1994-01-28
600820.SH,隧道股份,1994-01-28
600821.SH,津劝业,1994-01-28
600822.SH,上海物贸,1994-02-04
600823.SH,世茂股份,1994-02-04
600824.SH,益民集团,1994-02-04
600825.SH,新华传媒,1994-02-04
600826.SH,兰生股份,1994-02-04
600827.SH,百联股份,1994-02-04
600828.SH,茂业商业,1994-02-24
600829.SH,人民同泰,1994-02-24
600830.SH,香溢融通,1994-02-24
600831.SH,广电网络,1994-02-24
600833.SH,第一医药,1994-02-24
600834.SH,申通地铁,1994-02-24
600835.SH,上海机电,1994-02-24
600836.SH,界龙实业,1994-02-24
600837.SH,海通证券,1994-02-24
600838.SH,上海九百,1994-02-24
600839.SH,四川长虹,1994-03-11
600841.SH,上柴股份,1994-03-11
600843.SH,上工申贝,1994-03-11
600844.SH,丹化科技,1994-03-11
600845.SH,宝信软件,1994-03-11
600846.SH,同济科技,1994-03-11
600847.SH,万里股份,1994-03-24
600848.SH,上海临港,1994-03-24
600850.SH,华东电脑,1994-03-24
600851.SH,海欣股份,1994-04-04
600853.SH,龙建股份,1994-04-04
600854.SH,春兰股份,1994-04-25
600855.SH,航天长峰,1994-04-25
600856.SH,中天能源,1994-04-25
600857.SH,宁波中百,1994-04-25
600858.SH,银座股份,1994-05-06
600859.SH,王府井,1994-05-06
600860.SH,京城股份,1994-05-06
600861.SH,北京城乡,1994-05-20
600862.SH,南通科技,1994-05-20
600863.SH,内蒙华电,1994-05-20
600864.SH,哈投股份,1994-08-09
600865.SH,百大集团,1994-08-09
600866.SH,*ST星湖,1994-08-18
600867.SH,通化东宝,1994-08-24
600868.SH,梅雁吉祥,1994-09-12
600869.SH,智慧能源,1995-02-06
600870.SH,厦华电子,1995-02-28
600871.SH,石化油服,1995-04-11
600872.SH,中炬高新,1995-01-24
600873.SH,梅花生物,1995-02-17
600874.SH,创业环保,1995-06-30
600875.SH,东方电气,1995-10-10
600876.SH,洛阳玻璃,1995-10-31
600877.SH,中国嘉陵,1995-10-13
600879.SH,航天电子,1995-11-15
600880.SH,博瑞传播,1995-11-15
600881.SH,亚泰集团,1995-11-15
600882.SH,华联矿业,1995-12-06
600883.SH,博闻科技,1995-12-08
600884.SH,杉杉股份,1996-01-30
600885.SH,宏发股份,1996-02-05
600886.SH,国投电力,1996-01-18
600887.SH,伊利股份,1996-03-12
600888.SH,新疆众和,1996-02-15
600889.SH,南京化纤,1996-03-08
600890.SH,中房股份,1996-03-18
600891.SH,秋林集团,1996-03-25
600892.SH,宝诚股份,1996-03-15
600893.SH,中航动力,1996-04-08
600894.SH,广日股份,1996-03-28
600895.SH,张江高科,1996-04-22
600896.SH,中海海盛,1996-05-03
600897.SH,厦门空港,1996-05-31
600898.SH,三联商社,1996-04-18
600900.SH,长江电力,2003-11-18
600917.SH,重庆燃气,2014-09-30
600958.SH,东方证券,2015-03-23
600959.SH,江苏有线,2015-04-28
600960.SH,渤海活塞,2004-04-07
600961.SH,株冶集团,2004-08-30
600962.SH,国投中鲁,2004-06-22
600963.SH,岳阳林纸,2004-05-25
600965.SH,福成股份,2004-07-13
600966.SH,博汇纸业,2004-06-08
600967.SH,北方创业,2004-05-18
600969.SH,郴电国际,2004-04-08
600970.SH,中材国际,2005-04-12
600971.SH,恒源煤电,2004-08-17
600973.SH,宝胜股份,2004-08-02
600975.SH,新五丰,2004-06-09
600976.SH,健民集团,2004-04-19
600978.SH,宜华木业,2004-08-24
600979.SH,广安爱众,2004-09-06
600980.SH,北矿磁材,2004-05-12
600981.SH,汇鸿集团,2004-06-30
600982.SH,宁波热电,2004-07-06
600983.SH,惠而浦,2004-07-27
600984.SH,建设机械,2004-07-07
600985.SH,雷鸣科化,2004-04-28
600986.SH,科达股份,2004-04-26
600987.SH,航民股份,2004-08-09
600988.SH,赤峰黄金,2004-04-14
600990.SH,四创电子,2004-05-10
600992.SH,贵绳股份,2004-05-14
600993.SH,马应龙,2004-05-17
600995.SH,文山电力,2004-06-15
600997.SH,开滦股份,2004-06-02
600998.SH,九州通,2010-11-02
600999.SH,招商证券,2009-11-17
601000.SH,唐山港,2010-07-05
601001.SH,大同煤业,2006-06-23
601002.SH,晋亿实业,2007-01-26
601003.SH,柳钢股份,2007-02-27
601005.SH,重庆钢铁,2007-02-28
601006.SH,大秦铁路,2006-08-01
601007.SH,金陵饭店,2007-04-06
601008.SH,连云港,2007-04-26
601009.SH,南京银行,2007-07-19
601010.SH,文峰股份,2011-06-03
601011.SH,宝泰隆,2011-03-09
601012.SH,隆基股份,2012-04-11
601015.SH,陕西黑猫,2014-11-05
601016.SH,节能风电,2014-09-29
601018.SH,宁波港,2010-09-28
601020.SH,华钰矿业,2016-03-16
601021.SH,春秋航空,2015-01-21
601028.SH,玉龙股份,2011-11-07
601038.SH,一拖股份,2012-08-08
601058.SH,赛轮金宇,2011-06-30
601069.SH,西部黄金,2015-01-22
601088.SH,中国神华,2007-10-09
601098.SH,中南传媒,2010-10-28
601099.SH,太平洋,2007-12-28
601100.SH,恒立液压,2011-10-28
601101.SH,昊华能源,2010-03-31
601106.SH,中国一重,2010-02-09
601107.SH,四川成渝,2009-07-27
601111.SH,中国国航,2006-08-18
601113.SH,华鼎股份,2011-05-09
601116.SH,三江购物,2011-03-02
601117.SH,中国化学,2010-01-07
601118.SH,海南橡胶,2011-01-07
601126.SH,四方股份,2010-12-31
601137.SH,博威合金,2011-01-27
601139.SH,深圳燃气,2009-12-25
601155.SH,新城控股,2015-12-04
601158.SH,重庆水务,2010-03-29
601166.SH,兴业银行,2007-02-05
601168.SH,西部矿业,2007-07-12
601169.SH,北京银行,2007-09-19
601177.SH,杭齿前进,2010-10-11
601179.SH,中国西电,2010-01-28
601186.SH,中国铁建,2008-03-10
601188.SH,龙江交通,2010-03-19
601198.SH,东兴证券,2015-02-26
601199.SH,江南水务,2011-03-17
601208.SH,东材科技,2011-05-20
601211.SH,国泰君安,2015-06-26
601216.SH,君正集团,2011-02-22
601218.SH,吉鑫科技,2011-05-06
601222.SH,林洋能源,2011-08-08
601225.SH,陕西煤业,2014-01-28
601226.SH,华电重工,2014-12-11
601231.SH,环旭电子,2012-02-20
601233.SH,桐昆股份,2011-05-18
601238.SH,广汽集团,2012-03-29
601258.SH,庞大集团,2011-04-28
601288.SH,农业银行,2010-07-15
601311.SH,骆驼股份,2011-06-02
601313.SH,江南嘉捷,2012-01-16
601318.SH,中国平安,2007-03-01
601328.SH,交通银行,2007-05-15
601333.SH,广深铁路,2006-12-22
601336.SH,新华保险,2011-12-16
601339.SH,百隆东方,2012-06-12
601368.SH,绿城水务,2015-06-12
601369.SH,陕鼓动力,2010-04-28
601377.SH,兴业证券,2010-10-13
601388.SH,怡球资源,2012-04-23
601390.SH,中国中铁,2007-12-03
601398.SH,工商银行,2006-10-27
601515.SH,东风股份,2012-02-16
601518.SH,吉林高速,2010-03-19
601519.SH,大智慧,2011-01-28
601555.SH,东吴证券,2011-12-12
601558.SH,华锐风电,2011-01-13
601566.SH,九牧王,2011-05-30
601567.SH,三星医疗,2011-06-15
601579.SH,会稽山,2014-08-25
601588.SH,北辰实业,2006-10-16
601599.SH,鹿港科技,2011-05-27
601600.SH,中国铝业,2007-04-30
601601.SH,中国太保,2007-12-25
601607.SH,上海医药,1994-03-24
601608.SH,中信重工,2012-07-06
601616.SH,广电电气,2011-02-01
601618.SH,中国中冶,2009-09-21
601628.SH,中国人寿,2007-01-09
601633.SH,长城汽车,2011-09-28
601636.SH,旗滨集团,2011-08-12
601666.SH,平煤股份,2006-11-23
601668.SH,中国建筑,2009-07-29
601669.SH,中国电建,2011-10-18
601677.SH,明泰铝业,2011-09-19
601678.SH,滨化股份,2010-02-23
601688.SH,华泰证券,2010-02-26
601689.SH,拓普集团,2015-03-19
601699.SH,潞安环能,2006-09-22
601700.SH,风范股份,2011-01-18
601717.SH,郑煤机,2010-08-03
601718.SH,际华集团,2010-08-16
601727.SH,上海电气,2008-12-05
601766.SH,中国中车,2008-08-18
601777.SH,力帆股份,2010-11-25
601788.SH,光大证券,2009-08-18
601789.SH,宁波建工,2011-08-16
601798.SH,蓝科高新,2011-06-22
601799.SH,星宇股份,2011-02-01
601800.SH,中国交建,2012-03-09
601801.SH,皖新传媒,2010-01-18
601808.SH,中海油服,2007-09-28
601818.SH,光大银行,2010-08-18
601857.SH,中国石油,2007-11-05
601866.SH,中海集运,2007-12-12
601872.SH,招商轮船,2006-12-01
601877.SH,正泰电器,2010-01-21
601880.SH,大连港,2010-12-06
601886.SH,江河集团,2011-08-18
601888.SH,中国国旅,2009-10-15
601890.SH,亚星锚链,2010-12-28
601898.SH,中煤能源,2008-02-01
601899.SH,紫金矿业,2008-04-25
601900.SH,南方传媒,2016-02-15
601901.SH,方正证券,2011-08-10
601908.SH,京运通,2011-09-08
601918.SH,*ST新集,2007-12-19
601919.SH,中国远洋,2007-06-26
601928.SH,凤凰传媒,2011-11-30
601929.SH,吉视传媒,2012-02-23
601933.SH,永辉超市,2010-12-15
601939.SH,建设银行,2007-09-25
601958.SH,金钼股份,2008-04-17
601965.SH,中国汽研,2012-06-11
601968.SH,宝钢包装,2015-06-11
601969.SH,海南矿业,2014-12-09
601985.SH,中国核电,2015-06-10
601988.SH,中国银行,2006-07-05
601989.SH,中国重工,2009-12-16
601991.SH,大唐发电,2006-12-20
601992.SH,金隅股份,2011-03-01
601996.SH,丰林集团,2011-09-29
601998.SH,中信银行,2007-04-27
601999.SH,出版传媒,2007-12-21
603000.SH,人民网,2012-04-27
603001.SH,奥康国际,2012-04-26
603002.SH,宏昌电子,2012-05-18
603003.SH,龙宇燃油,2012-08-17
603005.SH,晶方科技,2014-02-10
603006.SH,联明股份,2014-06-30
603008.SH,喜临门,2012-07-17
603009.SH,北特科技,2014-07-18
603010.SH,万盛股份,2014-10-10
603011.SH,合锻股份,2014-11-07
603012.SH,创力集团,2015-03-20
603015.SH,弘讯科技,2015-03-03
603017.SH,中衡设计,2014-12-31
603018.SH,设计股份,2014-10-13
603019.SH,中科曙光,2014-11-06
603020.SH,爱普股份,2015-03-25
603021.SH,山东华鹏,2015-04-23
603022.SH,新通联,2015-05-18
603023.SH,威帝股份,2015-05-27
603025.SH,大豪科技,2015-04-22
603026.SH,石大胜华,2015-05-29
603027.SH,千禾味业,2016-03-07
603028.SH,赛福天,2016-03-31
603029.SH,天鹅股份,2016-04-27
603030.SH,全筑股份,2015-03-20
603066.SH,音飞储存,2015-06-11
603077.SH,和邦生物,2012-07-31
603085.SH,天成自控,2015-06-30
603088.SH,宁波精达,2014-11-11
603099.SH,长白山,2014-08-22
603100.SH,川仪股份,2014-08-05
603101.SH,汇嘉时代,2016-05-06
603108.SH,润达医疗,2015-05-27
603111.SH,康尼机电,2014-08-01
603116.SH,红蜻蜓,2015-06-29
603117.SH,万林股份,2015-06-29
603118.SH,共进股份,2015-02-25
603123.SH,翠微股份,2012-05-03
603126.SH,中材节能,2014-07-31
603128.SH,华贸物流,2012-05-29
603158.SH,腾龙股份,2015-03-20
603166.SH,福达股份,2014-11-27
603167.SH,渤海轮渡,2012-09-06
603168.SH,莎普爱思,2014-07-02
603169.SH,兰石重装,2014-10-09
603188.SH,亚邦股份,2014-09-09
603198.SH,迎驾贡酒,2015-05-28
603199.SH,九华旅游,2015-03-26
603222.SH,济民制药,2015-02-17
603223.SH,恒通股份,2015-06-30
603227.SH,雪峰科技,2015-05-15
603268.SH,松发股份,2015-03-19
603288.SH,海天味业,2014-02-11
603299.SH,井神股份,2015-12-31
603300.SH,华铁科技,2015-05-29
603306.SH,华懋科技,2014-09-26
603308.SH,应流股份,2014-01-22
603309.SH,维力医疗,2015-03-02
603311.SH,金海环境,2015-05-18
603315.SH,福鞍股份,2015-04-24
603318.SH,派思股份,2015-04-24
603328.SH,依顿电子,2014-07-01
603333.SH,明星电缆,2012-05-07
603338.SH,浙江鼎力,2015-03-25
603355.SH,莱克电气,2015-05-13
603366.SH,日出东方,2012-05-21
603368.SH,柳州医药,2014-12-04
603369.SH,今世缘,2014-07-03
603377.SH,东方时尚,2016-02-05
603398.SH,邦宝益智,2015-12-09
603399.SH,新华龙,2012-08-24
603456.SH,九洲药业,2014-10-10
603508.SH,思维列控,2015-12-24
603518.SH,维格娜丝,2014-12-03
603519.SH,立霸股份,2015-03-19
603520.SH,司太立,2016-03-09
603528.SH,多伦科技,2016-05-03
603555.SH,贵人鸟,2014-01-24
603558.SH,健盛集团,2015-01-27
603566.SH,普莱柯,2015-05-18
603567.SH,珍宝岛,2015-04-24
603568.SH,伟明环保,2015-05-28
603588.SH,高能环境,2014-12-29
603589.SH,口子窖,2015-06-29
603598.SH,引力传媒,2015-05-27
603599.SH,广信股份,2015-05-13
603600.SH,永艺股份,2015-01-23
603601.SH,再升科技,2015-01-22
603606.SH,东方电缆,2014-10-15
603608.SH,天创时尚,2016-02-18
603609.SH,禾丰牧业,2014-08-08
603611.SH,诺力股份,2015-01-28
603616.SH,韩建河山,2015-06-11
603618.SH,杭电股份,2015-02-17
603636.SH,南威软件,2014-12-30
603669.SH,灵康药业,2015-05-28
603678.SH,火炬电子,2015-01-26
603686.SH,龙马环卫,2015-01-26
603688.SH,石英股份,2014-10-31
603696.SH,安记食品,2015-12-09
603698.SH,航天工程,2015-01-28
603699.SH,纽威股份,2014-01-17
603701.SH,德宏股份,2016-04-12
603703.SH,盛洋科技,2015-04-23
603718.SH,海利生物,2015-05-15
603726.SH,朗迪集团,2016-04-21
603729.SH,龙韵股份,2015-03-24
603766.SH,隆鑫通用,2012-08-10
603778.SH,乾景园林,2015-12-31
603788.SH,宁波高发,2015-01-20
603789.SH,星光农机,2015-04-27
603798.SH,康普顿,2016-04-06
603799.SH,华友钴业,2015-01-29
603800.SH,道森股份,2015-12-10
603806.SH,福斯特,2014-09-05
603808.SH,歌力思,2015-04-22
603818.SH,曲美家居,2015-04-22
603822.SH,嘉澳环保,2016-04-28
603828.SH,柯利达,2015-02-26
603838.SH,四通股份,2015-07-01
603861.SH,白云电器,2016-03-22
603866.SH,桃李面包,2015-12-22
603868.SH,飞科电器,2016-04-18
603869.SH,北部湾旅,2015-03-26
603883.SH,老百姓,2015-04-23
603885.SH,吉祥航空,2015-05-27
603889.SH,新澳股份,2014-12-31
603898.SH,好莱客,2015-02-17
603899.SH,晨光文具,2015-01-27
603901.SH,永创智能,2015-05-29
603918.SH,金桥信息,2015-05-28
603919.SH,金徽酒,2016-03-10
603936.SH,博敏电子,2015-12-09
603939.SH,益丰药房,2015-02-17
603968.SH,醋化股份,2015-05-18
603969.SH,银龙股份,2015-02-27
603979.SH,金诚信,2015-06-30
603988.SH,中电电机,2014-11-04
603989.SH,艾华集团,2015-05-15
603993.SH,洛阳钼业,2012-10-09
603996.SH,中新科技,2015-12-22
603997.SH,继峰股份,2015-03-02
603998.SH,方盛制药,2014-12-05
603999.SH,读者传媒,2015-12-10
